UNASSIGNED,gs://images/0013ea2087020901.jpg,0.397,0.207,,,0.581,0.442,,
UNASSIGNED,gs://images/00141571d986d241.jpg,0.589,0.237,,,0.740,0.392,,
UNASSIGNED,gs://images/00146ba1e50ed8d8.jpg,0.124,0.088,,,0.337,0.304,,
UNASSIGNED,gs://images/001997021f01f208.jpg,0.270,0.308,,,0.394,0.423,,
UNASSIGNED,gs://images/00a42a80e5e8d194.jpg,0.617,0,,,1,0.526,,
UNASSIGNED,gs://images/00c710176e9c2996.jpg,0.431,0.118,,,0.652,0.387,,
UNASSIGNED,gs://images/00e65d13159b498b.jpg,0.413,0.131,,,0.587,0.365,,
UNASSIGNED,gs://images/00eb69293aa4c5b7.jpg,0.186,0,,,0.908,0.740,,
UNASSIGNED,gs://images/00ec4ba83d648c33.jpg,0.577,0.256,,,0.645,0.343,,
UNASSIGNED,gs://images/00fd93edd4717826.jpg,0.055,0.194,,,1,1,,
UNASSIGNED,gs://images/010d9a7f0d2e0622.jpg,0.351,0.135,,,0.494,0.346,,
UNASSIGNED,gs://images/01125dd72c09cc5a.jpg,0.091,0.394,,,0.227,0.502,,
UNASSIGNED,gs://images/011417767312812e.jpg,0.083,0.234,,,0.267,0.429,,
UNASSIGNED,gs://images/0116632f904277c7.jpg,0.431,0.074,,,0.549,0.255,,
UNASSIGNED,gs://images/012bfb1d9f9afc48.jpg,0.046,0.549,,,0.079,0.597,,
UNASSIGNED,gs://images/013e4b54ccdf22aa.jpg,0.014,0.060,,,0.095,0.167,,
UNASSIGNED,gs://images/01491bf840ae9939.jpg,0.483,0.144,,,0.594,0.285,,
UNASSIGNED,gs://images/015f5cd905204962.jpg,0.129,0.101,,,0.207,0.179,,
UNASSIGNED,gs://images/01756a5b593e1de1.jpg,0.344,0,,,0.800,0.656,,
UNASSIGNED,gs://images/01877d79c356fad3.jpg,0.781,0.157,,,0.796,0.173,,
UNASSIGNED,gs://images/018d4a117c1d7e16.jpg,0.170,0.197,,,0.319,0.271,,
UNASSIGNED,gs://images/01b187eac8b7b42d.jpg,0.076,0.208,,,0.248,0.396,,
UNASSIGNED,gs://images/01bf00da5f94e942.jpg,0.088,0.216,,,0.110,0.249,,
UNASSIGNED,gs://images/01c04124383a9a02.jpg,0.671,0,,,0.721,0.041,,
UNASSIGNED,gs://images/01c9c7321fe8e116.jpg,0.003,0.071,,,0.161,0.308,,
UNASSIGNED,gs://images/01ce6a0b84b8ab22.jpg,0.296,0.214,,,0.378,0.306,,
UNASSIGNED,gs://images/01f26ca52e27a8d9.jpg,0,0.216,,,0.062,0.321,,
UNASSIGNED,gs://images/01f5efed4dfda77e.jpg,0,0,,,1,0.75,,
UNASSIGNED,gs://images/01f8886b50a031a1.jpg,0.524,0.166,,,0.594,0.243,,
UNASSIGNED,gs://images/01fe16fca259a75a.jpg,0.150,0.009,,,0.377,0.270,,
UNASSIGNED,gs://images/0201c52dd49833a7.jpg,0.227,0.148,,,0.259,0.175,,
UNASSIGNED,gs://images/020c7b8e6d605069.jpg,0.339,0.156,,,0.653,0.419,,
UNASSIGNED,gs://images/0210f9c01e31f873.jpg,0.911,0,,,0.970,0.032,,
UNASSIGNED,gs://images/0222c555d2c21a2f.jpg,0.334,0.075,,,0.565,0.524,,
UNASSIGNED,gs://images/022c1f420446d118.jpg,0.398,0.067,,,0.506,0.156,,
UNASSIGNED,gs://images/027cffb13d932cf2.jpg,0.663,0.338,,,0.679,0.350,,
UNASSIGNED,gs://images/02879d3014b69b1f.jpg,0.277,0.220,,,0.668,0.65,,
UNASSIGNED,gs://images/02bf32177e000315.jpg,0.307,0.121,,,0.973,1,,
UNASSIGNED,gs://images/02c704b941566bc9.jpg,0.011,0.053,,,0.115,0.184,,
UNASSIGNED,gs://images/02ceda7dc7da5160.jpg,0.168,0.115,,,0.281,0.210,,
UNASSIGNED,gs://images/02d1d3375f2d3dca.jpg,0.424,0.221,,,0.756,0.343,,
UNASSIGNED,gs://images/02dfa3e35b58bdb7.jpg,0.258,0.012,,,0.607,0.427,,
UNASSIGNED,gs://images/02eb8d9a3e34b370.jpg,0,0,,,0.649,0.834,,
UNASSIGNED,gs://images/02faccbb84bd2bc5.jpg,0,1.371,,,0.061,1,,
UNASSIGNED,gs://images/03006368ed61dbea.jpg,0.417,0.317,,,0.777,0.713,,
UNASSIGNED,gs://images/0319faa662ff5d06.jpg,0.302,0.243,,,0.553,0.478,,
UNASSIGNED,gs://images/0321485893e5cf27.jpg,0.862,0.044,,,0.986,0.323,,
UNASSIGNED,gs://images/0321d3071bc03c38.jpg,0.441,0.124,,,0.585,0.285,,
UNASSIGNED,gs://images/032518c7e3660911.jpg,0.032,0.153,,,0.043,0.190,,
UNASSIGNED,gs://images/034f71ee4e111261.jpg,0.193,0.207,,,0.307,0.314,,
UNASSIGNED,gs://images/0354aba2fc6c5903.jpg,0.017,0.096,,,0.069,0.151,,
UNASSIGNED,gs://images/03650b9fde97f523.jpg,0.168,0.149,,,0.268,0.239,,
UNASSIGNED,gs://images/039782bb88d38690.jpg,0.365,0.039,,,0.496,0.201,,
UNASSIGNED,gs://images/03aa4667326aec95.jpg,0.273,0.104,,,0.982,1,,
UNASSIGNED,gs://images/03b9130b70a5adcf.jpg,0.400,0.095,,,0.606,0.369,,
UNASSIGNED,gs://images/03bfd3f1488b47cb.jpg,0.328,0.118,,,0.641,0.541,,
UNASSIGNED,gs://images/03f74f6c5682c786.jpg,0.395,0.110,,,0.541,0.306,,
UNASSIGNED,gs://images/0411dd1941790d58.jpg,0.097,1.264,,,0.179,1,,
UNASSIGNED,gs://images/0472586d97db6daf.jpg,0.373,0.078,,,0.530,0.290,,
UNASSIGNED,gs://images/04833bdaa8c68594.jpg,0.023,0.150,,,0.063,0.200,,
UNASSIGNED,gs://images/0490dbf686cc0da2.jpg,0.540,0.101,,,0.648,0.226,,
UNASSIGNED,gs://images/049feb8853b23023.jpg,0.104,0.209,,,0.151,0.268,,
UNASSIGNED,gs://images/04e3bee2eeaf280e.jpg,0.376,0.510,,,0.525,0.551,,
UNASSIGNED,gs://images/0515eb8d42f77988.jpg,0.303,0.103,,,0.684,0.732,,
UNASSIGNED,gs://images/051d28d0388a3ec1.jpg,0.463,0.239,,,0.584,0.336,,
UNASSIGNED,gs://images/052c7d42720a093a.jpg,0.594,0.134,,,0.733,0.359,,
UNASSIGNED,gs://images/05430da00e88b5f9.jpg,0.310,0.298,,,0.396,0.357,,
UNASSIGNED,gs://images/0543f1b76e391db9.jpg,0.269,0.508,,,0.340,0.692,,
UNASSIGNED,gs://images/0556195c4067a984.jpg,0.299,0.380,,,0.348,0.447,,
UNASSIGNED,gs://images/0572b61a4613221d.jpg,0.058,0.511,,,0.168,0.638,,
UNASSIGNED,gs://images/058fb6cfa9a0874c.jpg,0,0.658,,,0.019,0.717,,
UNASSIGNED,gs://images/05a1e3bdf907e2a0.jpg,0.523,0.254,,,0.902,0.734,,
UNASSIGNED,gs://images/05a23e78a029f9b3.jpg,0.518,0.076,,,0.767,0.335,,
UNASSIGNED,gs://images/05a7e9025432b822.jpg,0.517,0.026,,,0.997,0.647,,
UNASSIGNED,gs://images/05ae3737394ad03a.jpg,0.273,0,,,0.813,0.597,,
UNASSIGNED,gs://images/05c6fc62d2980f50.jpg,0.130,0.468,,,0.931,1,,
UNASSIGNED,gs://images/05c8be4675d87037.jpg,0.646,0.285,,,0.743,0.344,,
UNASSIGNED,gs://images/05e3e00773c6c141.jpg,0,0,,,1,0.343,,
UNASSIGNED,gs://images/06145d1b37e96fed.jpg,0,0,,,0.169,0.097,,
UNASSIGNED,gs://images/064dd37a874f7ea7.jpg,0,0.029,,,0.070,0.123,,
UNASSIGNED,gs://images/0651726e8927e5b5.jpg,0.008,0.156,,,0.760,1,,
UNASSIGNED,gs://images/0662ac36ad698574.jpg,0.004,0.110,,,0.070,0.200,,
UNASSIGNED,gs://images/066571234281ca95.jpg,0.109,0.123,,,0.262,0.234,,
UNASSIGNED,gs://images/0668a9010bf30630.jpg,0.309,0.423,,,0.365,0.475,,
UNASSIGNED,gs://images/0671f11d8258d167.jpg,0.098,0.101,,,0.175,0.191,,
UNASSIGNED,gs://images/06aaa4cd2f0f554d.jpg,0.343,0.052,,,0.712,0.577,,
UNASSIGNED,gs://images/06b6a2d257aaa097.jpg,0.620,0.172,,,0.876,0.397,,
UNASSIGNED,gs://images/06bc9b828cedce1c.jpg,0.545,0.036,,,0.873,0.357,,
UNASSIGNED,gs://images/06d1d39cbea07874.jpg,0.150,0.006,,,0.243,0.145,,
UNASSIGNED,gs://images/06d70ecda37db5e3.jpg,0.008,0.317,,,0.032,0.357,,
UNASSIGNED,gs://images/06d8b17bbd94dc09.jpg,0.168,0.028,,,0.908,0.752,,
UNASSIGNED,gs://images/06e21b6cfab07c72.jpg,0.494,0.004,,,0.719,0.215,,
UNASSIGNED,gs://images/06e83fd457ccb4c0.jpg,0.348,0.035,,,0.646,0.439,,
UNASSIGNED,gs://images/0704499ce810af77.jpg,0.129,0,,,0.856,0.627,,
UNASSIGNED,gs://images/0709eb8e8c2d19fa.jpg,0.243,0.033,,,0.349,0.183,,
UNASSIGNED,gs://images/07251bb443093202.jpg,0.319,0.056,,,0.508,0.259,,
UNASSIGNED,gs://images/0737fd0c1d110dd7.jpg,0.505,0.147,,,0.903,0.472,,
UNASSIGNED,gs://images/073ba30ec7431f41.jpg,0.400,0.075,,,0.712,0.488,,
UNASSIGNED,gs://images/076d078dd863cb79.jpg,0.032,0.234,,,0.073,0.279,,
UNASSIGNED,gs://images/077657b2086fa4b3.jpg,0.412,0.148,,,0.587,0.323,,
UNASSIGNED,gs://images/077aa6cbdccdf5cb.jpg,0.127,0.260,,,0.316,0.452,,
UNASSIGNED,gs://images/078487a2cbd4e706.jpg,0.202,0.205,,,0.759,0.481,,
UNASSIGNED,gs://images/0787ba239b4ca568.jpg,0.725,0.255,,,0.762,0.298,,
UNASSIGNED,gs://images/078fd57f81047cf3.jpg,0.008,0.041,,,0.126,0.206,,
UNASSIGNED,gs://images/079d97fafdc95e27.jpg,0.112,0,,,1,0.683,,
UNASSIGNED,gs://images/07afd11f77320e1d.jpg,0.197,0.256,,,0.251,0.291,,
UNASSIGNED,gs://images/07b12cccb39c75a5.jpg,0.141,0.241,,,0.375,0.562,,
UNASSIGNED,gs://images/07c216b2baad22e7.jpg,0.004,0.731,,,0.422,0.908,,
UNASSIGNED,gs://images/07ced255ea911d85.jpg,0.070,0,,,0.231,0.220,,
UNASSIGNED,gs://images/07cfc82bdbd06eb2.jpg,0.241,0.008,,,0.413,0.204,,
UNASSIGNED,gs://images/07d551f1745be790.jpg,0.065,0.296,,,0.133,0.358,,
UNASSIGNED,gs://images/08124dbd424269c0.jpg,0.412,0.191,,,0.5,0.318,,
UNASSIGNED,gs://images/081b5acdf94c392a.jpg,0.293,0.212,,,0.733,0.532,,
UNASSIGNED,gs://images/08372798f2cf334b.jpg,0.425,0.164,,,0.606,0.380,,
UNASSIGNED,gs://images/084a9d12a2a486dc.jpg,0.554,0,,,0.734,0.029,,
UNASSIGNED,gs://images/0859787e55aeed35.jpg,0.339,0.137,,,0.374,0.166,,
UNASSIGNED,gs://images/085aae141a2f056d.jpg,0.395,0.278,,,0.523,0.399,,
UNASSIGNED,gs://images/08615fa70771c83a.jpg,0.445,0.229,,,0.604,0.399,,
UNASSIGNED,gs://images/087d9274f12a6a47.jpg,0.045,0.416,,,0.262,0.579,,
UNASSIGNED,gs://images/08bc48ffae1a678a.jpg,0.172,0.005,,,0.404,0.181,,
UNASSIGNED,gs://images/08da3f5956243154.jpg,0,0,,,1,0.862,,
UNASSIGNED,gs://images/08ed1ccb53722194.jpg,0.549,0.419,,,0.845,0.777,,
UNASSIGNED,gs://images/08f80f26c1d57ba1.jpg,0.145,0.055,,,0.832,0.666,,
UNASSIGNED,gs://images/08fb8ed642a73f48.jpg,0,0,,,1,1,,
UNASSIGNED,gs://images/092a6148eaac712e.jpg,0.331,0.171,,,0.456,0.294,,
UNASSIGNED,gs://images/092f6bd6d306fdf6.jpg,0.324,0.064,,,0.424,0.193,,
UNASSIGNED,gs://images/0932995ad7c9a0d3.jpg,0.245,0.410,,,0.865,0.865,,
UNASSIGNED,gs://images/0937f20ab730f4bd.jpg,0,0,,,0.457,0.411,,
UNASSIGNED,gs://images/094100bf6485212a.jpg,0.295,0,,,0.717,0.660,,
UNASSIGNED,gs://images/09562c36471bf39f.jpg,0.261,0.012,,,0.572,0.438,,
UNASSIGNED,gs://images/095a70ede01f795e.jpg,0.370,0.176,,,0.429,0.271,,
UNASSIGNED,gs://images/095e241dd6f54e85.jpg,0.454,0.202,,,0.618,0.377,,
UNASSIGNED,gs://images/095eaec2849bc6c8.jpg,0.141,0.272,,,0.158,0.291,,
UNASSIGNED,gs://images/09625dc24eb205b4.jpg,0.004,0.252,,,0.026,0.278,,
UNASSIGNED,gs://images/0981622cc4d4ac2b.jpg,0.359,0,,,0.728,0.373,,
UNASSIGNED,gs://images/0990020c989262f8.jpg,0.168,0.457,,,0.670,1,,
UNASSIGNED,gs://images/09a31536cef18a72.jpg,0.230,0.026,,,0.668,0.579,,
UNASSIGNED,gs://images/09c0e499d462dabc.jpg,0.370,0.270,,,0.636,0.507,,
UNASSIGNED,gs://images/09c5b4d6bc25788d.jpg,0.432,0.195,,,0.530,0.345,,
UNASSIGNED,gs://images/09c6ddd2c210450e.jpg,0.483,0.095,,,0.605,0.272,,
UNASSIGNED,gs://images/09c863d76bcf6b00.jpg,0.006,0,,,0.854,0.9,,
UNASSIGNED,gs://images/09d354dbd3dcc857.jpg,0.642,0.270,,,0.682,0.311,,
UNASSIGNED,gs://images/09d64f43c7111879.jpg,0,0.080,,,0.917,1,,
UNASSIGNED,gs://images/09d7e1defc5c7e9c.jpg,0.116,0.113,,,0.184,0.180,,
UNASSIGNED,gs://images/09d8aa2d19ff724d.jpg,0.313,0.227,,,0.431,0.380,,
UNASSIGNED,gs://images/09e617d9d3120b32.jpg,0.376,0.250,,,0.525,0.430,,
UNASSIGNED,gs://images/09ea349ee555b61d.jpg,0.320,0.214,,,0.475,0.432,,
UNASSIGNED,gs://images/09ee689a9abeb390.jpg,0.107,0.088,,,0.194,0.179,,
UNASSIGNED,gs://images/0a02c648d24f39fb.jpg,0.367,0.066,,,0.655,0.367,,
UNASSIGNED,gs://images/0a02e8b6820064f5.jpg,0.472,0.256,,,0.485,0.273,,
UNASSIGNED,gs://images/0a13dcaaab9a35e0.jpg,0.350,0.040,,,0.541,0.301,,
UNASSIGNED,gs://images/0a1bd356f90aaab6.jpg,0.729,0,,,1,0.243,,
UNASSIGNED,gs://images/0a50911d08250183.jpg,0.664,0.320,,,0.981,0.656,,
UNASSIGNED,gs://images/0a7074a2a5515531.jpg,0.493,0.181,,,0.579,0.264,,
UNASSIGNED,gs://images/0a7d56b2fb989fe8.jpg,0.471,0.190,,,0.509,0.242,,
UNASSIGNED,gs://images/0a8657e8b5c9d7bb.jpg,0.368,0.092,,,0.516,0.234,,
UNASSIGNED,gs://images/0a877314ca2039d9.jpg,0.542,0,,,0.856,0.390,,
UNASSIGNED,gs://images/0a9f183e46c76019.jpg,0.303,0.037,,,0.806,0.556,,
UNASSIGNED,gs://images/0acfa779589204bf.jpg,0.299,0.050,,,0.855,0.835,,
UNASSIGNED,gs://images/0ad7884032419621.jpg,0.337,0.281,,,0.456,0.385,,
UNASSIGNED,gs://images/0adc1330287b2e66.jpg,0.242,0.332,,,0.317,0.444,,
UNASSIGNED,gs://images/0afb0f6738d5767a.jpg,0.199,0.059,,,0.997,1,,
UNASSIGNED,gs://images/0b05d537aac2b09a.jpg,0.153,0.103,,,0.356,0.364,,
UNASSIGNED,gs://images/0b15101280946cdd.jpg,0.246,0.088,,,0.418,0.295,,
UNASSIGNED,gs://images/0b2ffc32a694d9c2.jpg,0.204,0,,,0.833,0.802,,
UNASSIGNED,gs://images/0b340a54d113070c.jpg,0.186,0.456,,,0.436,0.641,,
UNASSIGNED,gs://images/0b3b8bb30662c22a.jpg,0.341,0.525,,,0.655,0.768,,
UNASSIGNED,gs://images/0b5cde64f4b0b523.jpg,0.059,0.975,,,0.145,1,,
UNASSIGNED,gs://images/0b623718afd21f23.jpg,0.375,0.014,,,0.525,0.230,,
UNASSIGNED,gs://images/0b7e19effcd30556.jpg,0,0.181,,,0.073,0.357,,
UNASSIGNED,gs://images/0b806ca5e7065889.jpg,0.401,0.046,,,0.638,0.635,,
UNASSIGNED,gs://images/0b83e754be780735.jpg,0.010,0.085,,,0.066,0.136,,
UNASSIGNED,gs://images/0b876e80ebc98978.jpg,0.064,0.087,,,0.082,0.110,,
UNASSIGNED,gs://images/0b8a1adce0191b72.jpg,0.292,0.170,,,0.670,0.639,,
UNASSIGNED,gs://images/0b9aec984321bf53.jpg,0.556,0.138,,,0.724,0.295,,
UNASSIGNED,gs://images/0b9b8845f1b27c1a.jpg,0.158,0.142,,,0.388,0.596,,
UNASSIGNED,gs://images/0ba4e129511b237b.jpg,0.035,0.181,,,0.095,0.231,,
UNASSIGNED,gs://images/0ba6825374419824.jpg,0.238,0.256,,,0.743,0.942,,
UNASSIGNED,gs://images/0baf36bade976215.jpg,0.066,0.137,,,0.260,0.373,,
UNASSIGNED,gs://images/0bb341c20b9978cf.jpg,0.482,0.254,,,0.495,0.271,,
UNASSIGNED,gs://images/0bb8c226cb97b705.jpg,0.225,0.026,,,0.722,0.528,,
UNASSIGNED,gs://images/0be36b41431ccac3.jpg,0,0,,,1,0.750,,
UNASSIGNED,gs://images/0be6fd5c4b8b2f0c.jpg,0.225,0.510,,,0.765,1,,
UNASSIGNED,gs://images/0c10e0ce3d8f5f81.jpg,0.174,0.075,,,0.825,1,,
UNASSIGNED,gs://images/0c158d8e674ff652.jpg,0,0,,,0.926,0.75,,
UNASSIGNED,gs://images/0c53587224b51f99.jpg,0.280,0.104,,,0.418,0.270,,
UNASSIGNED,gs://images/0c618d515bbfeaa3.jpg,0.357,0.231,,,0.519,0.528,,
UNASSIGNED,gs://images/0c6b86b4119e11e7.jpg,0.021,0.073,,,0.046,0.093,,
UNASSIGNED,gs://images/0c73e9f99274d223.jpg,0,0.121,,,0.087,0.268,,
UNASSIGNED,gs://images/0c8c8bbc773be925.jpg,0,0,,,1,1,,
UNASSIGNED,gs://images/0ca56558107bdae5.jpg,0.212,0.187,,,0.632,0.650,,
UNASSIGNED,gs://images/0cba349f6f7bdf44.jpg,0.533,0.332,,,0.591,0.416,,
UNASSIGNED,gs://images/0cbd2a58b72ced99.jpg,0.214,0.153,,,0.329,0.294,,
UNASSIGNED,gs://images/0cc10060985b5867.jpg,0.207,0.135,,,0.303,0.272,,
UNASSIGNED,gs://images/0ccdb16a34d67aaa.jpg,0.233,0.002,,,0.873,0.602,,
UNASSIGNED,gs://images/0ccdcc825086803a.jpg,0.090,0.218,,,0.152,0.278,,
UNASSIGNED,gs://images/0cd5dca84d0cbd1d.jpg,0.736,0.275,,,0.854,0.439,,
UNASSIGNED,gs://images/0cdeaf8125c57fce.jpg,0.348,0.266,,,0.495,0.616,,
UNASSIGNED,gs://images/0cfbddbfcf8412a6.jpg,0.298,0.078,,,0.336,0.121,,
UNASSIGNED,gs://images/0d03c760fe72ad6e.jpg,0.124,0.171,,,0.255,0.299,,
UNASSIGNED,gs://images/0d0e5d41f87736e6.jpg,0.353,0.354,,,0.826,0.643,,
UNASSIGNED,gs://images/0d16c88ec322340f.jpg,0.134,0.064,,,0.349,0.281,,
UNASSIGNED,gs://images/0d1b6422378e399c.jpg,0.534,0.171,,,0.977,0.577,,
UNASSIGNED,gs://images/0d21f579a27f72a9.jpg,0.471,0.158,,,0.515,0.184,,
UNASSIGNED,gs://images/0d295ed98f470163.jpg,0.438,0,,,0.780,0.404,,
UNASSIGNED,gs://images/0d32e8e7a4bd08dc.jpg,0.323,0.059,,,0.427,0.216,,
UNASSIGNED,gs://images/0d884d7a0b68b59c.jpg,0,0.905,,,0.022,1,,
UNASSIGNED,gs://images/0da0a5ef8f9d2864.jpg,0.209,0.276,,,0.375,0.418,,
UNASSIGNED,gs://images/0dadb05222306ab8.jpg,0.392,0.034,,,0.599,0.234,,
UNASSIGNED,gs://images/0dbfd1ce7549fb11.jpg,0.214,0.250,,,0.323,0.440,,
UNASSIGNED,gs://images/0dda17bcb0902e25.jpg,0.490,0.182,,,0.539,0.224,,
UNASSIGNED,gs://images/0dece6c46a20c36a.jpg,0.093,0,,,0.774,0.850,,
UNASSIGNED,gs://images/0dfa8c149d4d6f39.jpg,0.175,0,,,0.966,0.802,,
UNASSIGNED,gs://images/0e0a23e811ca026b.jpg,0,0.214,,,0.146,0.813,,
UNASSIGNED,gs://images/0e277b2a7b18c02a.jpg,0.631,0.271,,,0.721,0.387,,
UNASSIGNED,gs://images/0e2badd005886a46.jpg,0.206,0.143,,,0.343,0.312,,
UNASSIGNED,gs://images/0e37d35b372fcfc1.jpg,0.27,0,,,0.824,0.871,,
UNASSIGNED,gs://images/0e4332e5c234255c.jpg,0,0.432,,,0.075,0.542,,
UNASSIGNED,gs://images/0e62c706b2cd998e.jpg,0.194,0.116,,,0.258,0.222,,
UNASSIGNED,gs://images/0e6e608af9477a08.jpg,0.408,0.126,,,0.638,0.438,,
UNASSIGNED,gs://images/0e879a7e1178f821.jpg,0.285,0.148,,,0.488,0.377,,
UNASSIGNED,gs://images/0e8aef71cc6618dc.jpg,0.431,0.196,,,0.590,0.382,,
UNASSIGNED,gs://images/0ea326c0601e86d9.jpg,0.209,0.062,,,0.644,0.588,,
UNASSIGNED,gs://images/0ee147db8a6b3908.jpg,0.342,0.117,,,0.707,0.608,,
UNASSIGNED,gs://images/0f0297c3c92c39c1.jpg,0.175,0.097,,,0.317,0.255,,
UNASSIGNED,gs://images/0f18081b0baa7297.jpg,0.062,0.391,,,0.410,0.633,,
UNASSIGNED,gs://images/0f25b5278659caae.jpg,0.323,0,,,0.667,0.587,,
UNASSIGNED,gs://images/0f324c0043211197.jpg,0,0,,,1,0.666,,
UNASSIGNED,gs://images/0f3c2228fb89a3d2.jpg,0.146,0.240,,,0.581,0.578,,
UNASSIGNED,gs://images/0f4dfdc3e2009b2c.jpg,0.285,0.269,,,0.314,0.294,,
UNASSIGNED,gs://images/0f61b40ce89cbf75.jpg,0.430,0.116,,,0.559,0.298,,
UNASSIGNED,gs://images/0f7ee92f35aa1493.jpg,0.143,0.081,,,0.694,0.926,,
UNASSIGNED,gs://images/0f8a30c4c4e946fd.jpg,0.530,0,,,0.756,0.274,,
UNASSIGNED,gs://images/0f8a45cc32c0870f.jpg,0.278,0.015,,,0.756,0.612,,
UNASSIGNED,gs://images/0f9de77259983016.jpg,0.426,0.326,,,0.514,0.429,,
UNASSIGNED,gs://images/0fcb52bc7317ed58.jpg,0.381,0.714,,,0.465,0.746,,
UNASSIGNED,gs://images/0fd31ac7fcc2f3bb.jpg,0.307,0.037,,,0.678,0.545,,
UNASSIGNED,gs://images/0fd42fdd6970fbf3.jpg,0.010,0.086,,,0.108,0.236,,
UNASSIGNED,gs://images/0fdd5f6e167d0123.jpg,0.246,0.076,,,0.397,0.285,,
UNASSIGNED,gs://images/0fe12f551f900aca.jpg,0.189,0.151,,,0.317,0.242,,
UNASSIGNED,gs://images/0ff0278bf29544e3.jpg,0.361,0.287,,,0.470,0.380,,
UNASSIGNED,gs://images/0ffac13dd8775446.jpg,0.297,0.383,,,0.689,0.927,,
UNASSIGNED,gs://images/100332464ea7f674.jpg,0.451,0.020,,,0.673,0.297,,
UNASSIGNED,gs://images/102bcaa809bcef87.jpg,0.036,0.140,,,0.087,0.168,,
UNASSIGNED,gs://images/105894faa652acd5.jpg,0.544,0,,,0.837,0.215,,
UNASSIGNED,gs://images/1076753c4c6ddb22.jpg,0.222,0.194,,,0.358,0.299,,
UNASSIGNED,gs://images/1089296beeeb1f12.jpg,0.319,0.358,,,0.591,0.600,,
UNASSIGNED,gs://images/108a608c695ef9aa.jpg,0.399,0.117,,,0.465,0.199,,
UNASSIGNED,gs://images/109260e478aa7bc4.jpg,0,0.097,,,0.173,0.278,,
UNASSIGNED,gs://images/10c405ea867ec356.jpg,0.252,0.194,,,0.654,0.717,,
UNASSIGNED,gs://images/10c5cf7f53f0d0cf.jpg,0.134,0.295,,,0.761,0.904,,
UNASSIGNED,gs://images/10cae64b8b77b511.jpg,0.301,0.184,,,0.550,0.453,,
UNASSIGNED,gs://images/10e37fbcd2aa01db.jpg,0.235,0.364,,,0.260,0.389,,
UNASSIGNED,gs://images/111147418c6aca65.jpg,0.426,0.125,,,0.541,0.288,,
UNASSIGNED,gs://images/11124dd4875ecf8d.jpg,0.149,0.231,,,0.227,0.330,,
UNASSIGNED,gs://images/115150a6ba4eb0ca.jpg,0.387,0.063,,,0.612,0.373,,
UNASSIGNED,gs://images/116557a2d9bc5e70.jpg,0.548,0.056,,,0.712,0.239,,
UNASSIGNED,gs://images/117142f3ff2f20d1.jpg,0.310,0.107,,,0.390,0.215,,
UNASSIGNED,gs://images/11ae86b0057307c8.jpg,0.392,0.123,,,0.445,0.227,,
UNASSIGNED,gs://images/11c078ba905b60a5.jpg,0.199,0.106,,,0.380,0.265,,
UNASSIGNED,gs://images/11cccfa1a061d70f.jpg,0.233,0.087,,,0.442,0.359,,
UNASSIGNED,gs://images/121021469d328a6e.jpg,0.261,0.035,,,0.991,1,,
UNASSIGNED,gs://images/1211c30f5dba40da.jpg,0.412,0.234,,,0.462,0.320,,
UNASSIGNED,gs://images/1213904c7078ea6b.jpg,0.556,0.549,,,0.649,0.659,,
UNASSIGNED,gs://images/121f6fedb3af41ba.jpg,0.167,0,,,0.387,0.148,,
UNASSIGNED,gs://images/12332c27f706121f.jpg,0,0.777,,,0.607,0.955,,
UNASSIGNED,gs://images/124892350f674127.jpg,0.470,0.209,,,0.623,0.316,,
UNASSIGNED,gs://images/1250a079d3fbd919.jpg,0.237,0.114,,,0.678,0.673,,
UNASSIGNED,gs://images/125471eb78c57b88.jpg,0,0,,,0.946,1,,
UNASSIGNED,gs://images/125a534111c50fa9.jpg,0.432,0.068,,,0.731,0.404,,
UNASSIGNED,gs://images/125fd09ae6bccf6a.jpg,0.143,0.090,,,0.302,0.264,,
UNASSIGNED,gs://images/1268ab795838b2dc.jpg,0.135,0.148,,,0.175,0.207,,
UNASSIGNED,gs://images/12824890b966477e.jpg,0.090,0,,,0.727,0.602,,
UNASSIGNED,gs://images/1287d61f66a7271a.jpg,0.384,0.126,,,0.527,0.266,,
UNASSIGNED,gs://images/12aa9167c034ea37.jpg,0.221,0.396,,,0.243,0.426,,
UNASSIGNED,gs://images/12b06cbeaa8b634a.jpg,0.370,0.354,,,0.663,0.739,,
UNASSIGNED,gs://images/12b999f7e3b75de1.jpg,0.495,0.059,,,0.540,0.132,,
UNASSIGNED,gs://images/12ceffa0ac25028d.jpg,0.858,0.595,,,1,0.962,,
UNASSIGNED,gs://images/12fd11d4671464b8.jpg,0.820,0.075,,,0.879,0.137,,
UNASSIGNED,gs://images/1310093bf18b5e79.jpg,0.281,0.110,,,0.649,0.456,,
UNASSIGNED,gs://images/1313a4add388424c.jpg,0.556,0.181,,,0.626,0.278,,
UNASSIGNED,gs://images/131bd083b0a68588.jpg,0.345,0.574,,,0.448,0.685,,
UNASSIGNED,gs://images/133f49f223e6b738.jpg,0.325,0.221,,,0.525,0.455,,
UNASSIGNED,gs://images/138e90a98e1fda99.jpg,0.408,0.108,,,0.467,0.174,,
UNASSIGNED,gs://images/1392434aa02cdc72.jpg,0.066,0.006,,,0.165,0.132,,
UNASSIGNED,gs://images/139284098b4b02a0.jpg,0.236,0.018,,,0.826,0.656,,
UNASSIGNED,gs://images/13b1f505c1c210d3.jpg,0.256,0.145,,,0.712,0.723,,
UNASSIGNED,gs://images/13b35a2fb629446e.jpg,0,0,,,0.715,0.805,,
UNASSIGNED,gs://images/13b7206961bca9c6.jpg,0.402,0.325,,,0.570,0.508,,
UNASSIGNED,gs://images/13bd59eb15e2e087.jpg,0.099,0.028,,,0.942,1,,
UNASSIGNED,gs://images/13d86af81cf7717d.jpg,0.202,0.456,,,0.866,1,,
UNASSIGNED,gs://images/13d93884b48bc28c.jpg,0.221,0.296,,,0.332,0.422,,
UNASSIGNED,gs://images/13e9e768fecc4a21.jpg,0.401,0.120,,,0.596,0.384,,
UNASSIGNED,gs://images/13ec79e14df8bb50.jpg,0.347,0,,,0.941,0.514,,
UNASSIGNED,gs://images/13ffeb4fec0d2c49.jpg,0.398,0.094,,,0.495,0.194,,
UNASSIGNED,gs://images/140d247f79fc0516.jpg,0.185,0.503,,,0.287,0.607,,
UNASSIGNED,gs://images/141a942ad44d3080.jpg,0.011,0.225,,,0.121,0.338,,
UNASSIGNED,gs://images/14691d674b43b023.jpg,0.123,0.123,,,0.851,1,,
UNASSIGNED,gs://images/147725995856365a.jpg,0.14,0.209,,,0.276,0.387,,
UNASSIGNED,gs://images/148c25d2f620d40f.jpg,0.030,0.153,,,0.427,0.448,,
UNASSIGNED,gs://images/1494d15940c8cc3c.jpg,0.314,0.260,,,0.354,0.307,,
UNASSIGNED,gs://images/14b6bd9ec103e065.jpg,0.475,0.156,,,0.533,0.220,,
UNASSIGNED,gs://images/14d921f0bc863574.jpg,0.291,0,,,0.739,0.587,,
UNASSIGNED,gs://images/14f1b6583e008601.jpg,0.150,0.462,,,0.161,0.478,,
UNASSIGNED,gs://images/14f8f7fe6121ce8c.jpg,0.701,0.253,,,0.770,0.315,,
UNASSIGNED,gs://images/151f9892b4cd5ba3.jpg,0.375,0.139,,,0.569,0.415,,
UNASSIGNED,gs://images/15348e4f2c7ebe0f.jpg,0.723,0.570,,,0.799,0.653,,
UNASSIGNED,gs://images/155e986c2c91701b.jpg,0.280,0.140,,,0.710,0.703,,
UNASSIGNED,gs://images/155f1f8bc2b4c498.jpg,0.117,0.025,,,0.193,0.118,,
UNASSIGNED,gs://images/15799afd3f43e56a.jpg,0.093,0.157,,,0.121,0.192,,
UNASSIGNED,gs://images/1580caef8efed517.jpg,0.395,0.193,,,0.530,0.332,,
UNASSIGNED,gs://images/15b2b388f617c007.jpg,0,0.661,,,0.046,0.716,,
UNASSIGNED,gs://images/15b5f14269384832.jpg,0.042,0,,,0.089,0.039,,
UNASSIGNED,gs://images/15c132328c0dd1b3.jpg,0.293,0.125,,,0.346,0.180,,
UNASSIGNED,gs://images/15cdfdfd7878f6c3.jpg,0.126,0.002,,,0.944,1,,
UNASSIGNED,gs://images/15f2093368a912d4.jpg,0.053,0.203,,,0.957,1,,
UNASSIGNED,gs://images/15f61417b54691dc.jpg,0.392,0.030,,,0.557,0.264,,
UNASSIGNED,gs://images/15f870e5f864365c.jpg,0.141,0.238,,,0.394,0.500,,
UNASSIGNED,gs://images/1604bc1ca04113d9.jpg,0,0,,,0.907,0.479,,
UNASSIGNED,gs://images/1606b84c6e4b4bba.jpg,0.379,0.200,,,0.726,0.548,,
UNASSIGNED,gs://images/161bda01b9ac5d90.jpg,0.431,0.174,,,0.624,0.385,,
UNASSIGNED,gs://images/162eaa7b57b2a566.jpg,0.387,0.181,,,0.521,0.400,,
UNASSIGNED,gs://images/16536c944ec578d6.jpg,0.634,0,,,1,0.619,,
UNASSIGNED,gs://images/16643068fd19bd60.jpg,0.145,0.017,,,0.216,0.115,,
UNASSIGNED,gs://images/169d1dc07bda560a.jpg,0.202,0.051,,,0.333,0.209,,
UNASSIGNED,gs://images/16add4f48badb77a.jpg,0.390,0.209,,,0.567,0.448,,
UNASSIGNED,gs://images/16c0270ea2a6aefe.jpg,0.408,0.249,,,0.433,0.263,,
UNASSIGNED,gs://images/16c34ed2d912946a.jpg,0.666,0.357,,,0.906,0.649,,
UNASSIGNED,gs://images/16f352b006a890cd.jpg,0.179,0.265,,,0.215,0.309,,
UNASSIGNED,gs://images/17550d839339b820.jpg,0.463,0.332,,,0.571,0.430,,
UNASSIGNED,gs://images/175c3e44bb9635a4.jpg,0.266,0.033,,,0.359,0.162,,
UNASSIGNED,gs://images/177bf73e23ce2913.jpg,0,0,,,0.755,0.732,,
UNASSIGNED,gs://images/17831600503d474d.jpg,0.445,0.037,,,0.722,0.418,,
UNASSIGNED,gs://images/17f5e5ba008b570e.jpg,0.183,0.020,,,0.494,0.493,,
UNASSIGNED,gs://images/17f6f479de2f4fe6.jpg,0.486,0,,,1,0.457,,
UNASSIGNED,gs://images/18098dc9ee6aad80.jpg,0.549,0.039,,,0.589,0.081,,
UNASSIGNED,gs://images/18186d0fb2c7ccf9.jpg,0.039,0.389,,,0.084,0.431,,
UNASSIGNED,gs://images/1820959df8c1fe35.jpg,0.253,0,,,0.606,0.351,,
UNASSIGNED,gs://images/18377e98a9b3e0ec.jpg,0.341,0.501,,,0.569,0.805,,
UNASSIGNED,gs://images/186326f43bda92d1.jpg,0.103,0.016,,,0.826,0.942,,
UNASSIGNED,gs://images/1876ff97a1af1590.jpg,0.145,0.606,,,0.257,0.703,,
UNASSIGNED,gs://images/187d8db1cc846bcf.jpg,0.346,0.185,,,0.631,0.592,,
UNASSIGNED,gs://images/18803cb608c98db4.jpg,0.268,0.316,,,0.315,0.387,,
UNASSIGNED,gs://images/18851c495ccee5b8.jpg,0.215,0.174,,,0.313,0.271,,
UNASSIGNED,gs://images/18c2ca19151f97f8.jpg,0.202,0.097,,,0.864,1,,
UNASSIGNED,gs://images/18da2f5082dcfbfc.jpg,0.472,0.195,,,0.694,0.372,,
UNASSIGNED,gs://images/18e7a0e6487c8445.jpg,0.418,0.011,,,0.772,0.473,,
UNASSIGNED,gs://images/18f5b21c06c6f3d1.jpg,0.625,0.256,,,0.735,0.393,,
UNASSIGNED,gs://images/19057858c91f7208.jpg,0.239,0,,,0.862,0.621,,
UNASSIGNED,gs://images/191892983f679fab.jpg,0.709,0.371,,,0.962,0.799,,
UNASSIGNED,gs://images/1919fe6ae22844fb.jpg,0.292,0.333,,,0.349,0.366,,
UNASSIGNED,gs://images/1920bcb71692fd81.jpg,0.257,0.288,,,0.336,0.358,,
UNASSIGNED,gs://images/1940cd43500581cd.jpg,0.317,0.095,,,0.711,0.664,,
UNASSIGNED,gs://images/1945f91b6f5311ed.jpg,0.536,0.298,,,0.576,0.354,,
UNASSIGNED,gs://images/195d0a12ae05f61b.jpg,0.333,0,,,0.746,0.615,,
UNASSIGNED,gs://images/197de6149e9781a2.jpg,0.130,0.099,,,0.207,0.210,,
UNASSIGNED,gs://images/198bd5012079b9c4.jpg,0.440,0.154,,,0.606,0.360,,
UNASSIGNED,gs://images/1998920968471cb4.jpg,0.268,0.006,,,0.672,0.656,,
UNASSIGNED,gs://images/19af162c88b54233.jpg,0,0.812,,,0.100,1,,
UNASSIGNED,gs://images/19cc0ec079b02ed2.jpg,0.229,0.043,,,0.85,0.681,,
UNASSIGNED,gs://images/19d141ccc570d6a6.jpg,0.309,0.205,,,0.699,0.643,,
UNASSIGNED,gs://images/19d85d98e3a84e43.jpg,0.368,0.014,,,0.704,0.406,,
UNASSIGNED,gs://images/19e3ac5e567dbd8a.jpg,0.462,0.100,,,0.734,0.440,,
UNASSIGNED,gs://images/19e84bfd192eac4b.jpg,0.254,0.456,,,0.477,0.741,,
UNASSIGNED,gs://images/1a08289e9fcda126.jpg,0.045,0.243,,,0.409,0.742,,
UNASSIGNED,gs://images/1a0a016fa5cabc8a.jpg,0.349,0.158,,,0.482,0.260,,
UNASSIGNED,gs://images/1a17241c6f0e6642.jpg,0.366,0.299,,,0.441,0.393,,
UNASSIGNED,gs://images/1a305eee70978959.jpg,0,0,,,1,0.666,,
UNASSIGNED,gs://images/1a50a731357933ae.jpg,0.242,0.387,,,0.389,0.546,,
UNASSIGNED,gs://images/1a54b41a47e6572a.jpg,0.392,0.172,,,0.693,0.534,,
UNASSIGNED,gs://images/1a571deba4f0db60.jpg,0.323,0,,,0.680,0.344,,
UNASSIGNED,gs://images/1a5a8e2cdbdeaab0.jpg,0.237,0.384,,,0.256,0.404,,
UNASSIGNED,gs://images/1a5c7683dcc9ab4d.jpg,0.017,0.553,,,0.108,0.613,,
UNASSIGNED,gs://images/1a634d3d8238c30e.jpg,0.162,0.111,,,0.331,0.322,,
UNASSIGNED,gs://images/1a7dfbb2983f16fa.jpg,0.237,0,,,0.712,0.470,,
UNASSIGNED,gs://images/1a8cb63559c2509d.jpg,0.183,0.134,,,0.221,0.185,,
UNASSIGNED,gs://images/1aa3acb3e0b57865.jpg,0.368,0.129,,,0.723,0.647,,
UNASSIGNED,gs://images/1acd68dbcf675100.jpg,0.600,0.070,,,0.977,0.458,,
UNASSIGNED,gs://images/1acd7065fb928ac6.jpg,0.351,0.046,,,0.781,0.684,,
UNASSIGNED,gs://images/1ad2e4465d835f11.jpg,0,0.271,,,0.107,0.451,,
UNASSIGNED,gs://images/1ae697dce5fa2a7d.jpg,0.421,0.052,,,0.586,0.258,,
UNASSIGNED,gs://images/1ae8a04967a93f7c.jpg,0.140,0.228,,,0.715,0.614,,
UNASSIGNED,gs://images/1aefd062c80478d1.jpg,0.162,0,,,0.854,0.862,,
UNASSIGNED,gs://images/1afac27b76f7491e.jpg,0.267,0.168,,,0.318,0.221,,
UNASSIGNED,gs://images/1b0366e125f4e3db.jpg,0.076,0,,,0.486,0.432,,
UNASSIGNED,gs://images/1b062e5dfa472ddf.jpg,0.158,0.058,,,0.285,0.250,,
UNASSIGNED,gs://images/1b0f6501ea23cea0.jpg,0.208,0.101,,,0.255,0.146,,
UNASSIGNED,gs://images/1b13f20130d68e76.jpg,0.509,0.257,,,0.567,0.323,,
UNASSIGNED,gs://images/1b231bba65656575.jpg,0.504,0.439,,,0.605,0.630,,
UNASSIGNED,gs://images/1b284cf16c8fd8d3.jpg,0.161,0.122,,,0.362,0.331,,
UNASSIGNED,gs://images/1b319c5b5e8e4b07.jpg,0,0.018,,,1,1,,
UNASSIGNED,gs://images/1b5a2df8bba6d498.jpg,0.106,0.357,,,0.272,0.562,,
UNASSIGNED,gs://images/1b5e5bfbedee8bf2.jpg,0.382,0.515,,,0.631,0.804,,
UNASSIGNED,gs://images/1b6b2d0b9c8f5f0c.jpg,0.106,0,,,0.761,0.253,,
UNASSIGNED,gs://images/1b6d54601bdfe6af.jpg,0.252,0.080,,,0.651,0.502,,
UNASSIGNED,gs://images/1b8c4e46421a0a9f.jpg,0.077,0.476,,,0.902,0.989,,
UNASSIGNED,gs://images/1b8d52cb603f71ad.jpg,0.096,0.050,,,0.430,0.353,,
UNASSIGNED,gs://images/1b8d8c6c0722b942.jpg,0,0.277,,,1,0.834,,
UNASSIGNED,gs://images/1bd0c9a68b41d02c.jpg,0.357,0.036,,,0.522,0.279,,
UNASSIGNED,gs://images/1bd3980bf462ea49.jpg,0,0.095,,,0.301,0.364,,
UNASSIGNED,gs://images/1bd5542799a803df.jpg,0.009,0.163,,,0.389,0.616,,
UNASSIGNED,gs://images/1bdfaa7bafa9e940.jpg,0.462,0.066,,,0.720,0.437,,
UNASSIGNED,gs://images/1be63da150641ede.jpg,0.276,0.155,,,0.364,0.272,,
UNASSIGNED,gs://images/1bea4a97a9cfe442.jpg,0.252,0.429,,,0.668,0.891,,
UNASSIGNED,gs://images/1c0906640f31b246.jpg,0.115,0.402,,,0.237,0.583,,
UNASSIGNED,gs://images/1c1d82cfa671c690.jpg,0,0.292,,,0.060,0.401,,
UNASSIGNED,gs://images/1c2b9acdf3f14dc5.jpg,0.202,0.236,,,0.896,0.363,,
UNASSIGNED,gs://images/1c2bd5f49631cbbd.jpg,0.020,1.060,,,0.133,1,,
UNASSIGNED,gs://images/1c2e30c09af6a2f4.jpg,0.356,0.163,,,0.586,0.471,,
UNASSIGNED,gs://images/1c3bbd7303f30ae4.jpg,0.387,0.063,,,0.564,0.250,,
UNASSIGNED,gs://images/1c3be6adfaccc9a3.jpg,0,0,,,0.803,0.687,,
UNASSIGNED,gs://images/1c3c18c3382b6822.jpg,0.404,0.016,,,0.669,0.327,,
UNASSIGNED,gs://images/1c572cab521013e2.jpg,0.210,0.056,,,0.735,0.729,,
UNASSIGNED,gs://images/1c6fea183267271e.jpg,0.208,0.090,,,0.314,0.223,,
UNASSIGNED,gs://images/1c79f2e9f0afcd38.jpg,0.301,0,,,0.747,0.516,,
UNASSIGNED,gs://images/1c939e81edef1047.jpg,0,0.227,,,0.286,0.552,,
UNASSIGNED,gs://images/1ca2486498488b59.jpg,0.271,0.410,,,0.536,0.728,,
UNASSIGNED,gs://images/1ca7214feb50012a.jpg,0.412,0,,,0.527,0.050,,
UNASSIGNED,gs://images/1cbe22ffa7bb9876.jpg,0.262,0.240,,,0.328,0.325,,
UNASSIGNED,gs://images/1cbed7735563a5c6.jpg,0.154,0,,,0.304,0.123,,
UNASSIGNED,gs://images/1ccbc3fea331b255.jpg,0.273,0.115,,,0.489,0.478,,
UNASSIGNED,gs://images/1cce79aa26653f1c.jpg,0.018,0.280,,,0.027,0.291,,
UNASSIGNED,gs://images/1cd308dd54d1fd90.jpg,0.147,0.062,,,0.672,0.668,,
UNASSIGNED,gs://images/1cd9ac0169ec7df0.jpg,0.466,0.614,,,0.568,0.729,,
UNASSIGNED,gs://images/1ce2a81500bb852f.jpg,0.293,0.312,,,0.599,0.621,,
UNASSIGNED,gs://images/1ce91a92a336a008.jpg,0,0,,,0.944,0.759,,
UNASSIGNED,gs://images/1d339bb09bb35477.jpg,0.349,0.095,,,0.474,0.259,,
UNASSIGNED,gs://images/1d38cb1a280ca0d3.jpg,0.169,0.223,,,0.179,0.232,,
UNASSIGNED,gs://images/1d4c2ecd134610c5.jpg,0.159,0.005,,,0.192,0.036,,
UNASSIGNED,gs://images/1d51cea4bb42dbf9.jpg,0,0.278,,,0.101,0.565,,
UNASSIGNED,gs://images/1d86a9b9dbb35ed7.jpg,0.181,0.137,,,0.682,0.962,,
UNASSIGNED,gs://images/1d88df5d7e3920c8.jpg,0.098,0.093,,,0.278,0.371,,
UNASSIGNED,gs://images/1d93ca8db824c36a.jpg,0,0,,,0.842,0.711,,
UNASSIGNED,gs://images/1dc281b492ef37ed.jpg,0.355,0.085,,,0.768,0.444,,
UNASSIGNED,gs://images/1de13b77ef3f92a5.jpg,0.289,0,,,0.670,0.483,,
UNASSIGNED,gs://images/1dec8b9aacf770e2.jpg,0.074,0.548,,,0.232,0.770,,
UNASSIGNED,gs://images/1df42bba81229d7d.jpg,0.455,0.134,,,0.592,0.318,,
UNASSIGNED,gs://images/1e0d86c934e6e670.jpg,0.420,0.643,,,0.589,0.812,,
UNASSIGNED,gs://images/1e3791a88b656c6a.jpg,0.339,0.308,,,0.459,0.484,,
UNASSIGNED,gs://images/1e43cfc29ec3c83e.jpg,0.572,0.564,,,0.652,0.632,,
UNASSIGNED,gs://images/1e6d4e229d990de1.jpg,0.770,0,,,0.827,0.041,,
UNASSIGNED,gs://images/1e7b2a58768e328c.jpg,0.203,0.073,,,0.812,0.590,,
UNASSIGNED,gs://images/1e99dc239ae620f7.jpg,0.595,0.016,,,0.693,0.175,,
UNASSIGNED,gs://images/1e9c75745b953123.jpg,0.168,0.162,,,0.448,0.420,,
UNASSIGNED,gs://images/1ea67bf7a689c499.jpg,0.469,0.168,,,0.699,0.488,,
UNASSIGNED,gs://images/1ea7e968fe6dc573.jpg,0.290,0.021,,,0.471,0.218,,
UNASSIGNED,gs://images/1ede0eff0a35655e.jpg,0.598,0,,,0.742,0.056,,
UNASSIGNED,gs://images/1eeb5484320f6668.jpg,0,0.345,,,0.192,0.657,,
UNASSIGNED,gs://images/1eecb0f1e2b07d33.jpg,0.041,0.106,,,0.126,0.209,,
UNASSIGNED,gs://images/1f033af8fc7682e6.jpg,0.379,0,,,0.989,0.965,,
UNASSIGNED,gs://images/1f05d514448663fc.jpg,0.322,0.101,,,0.547,0.366,,
UNASSIGNED,gs://images/1f09f68fd75cc212.jpg,0.231,0,,,0.681,0.829,,
UNASSIGNED,gs://images/1f0c0b509013b719.jpg,0.261,0.050,,,0.751,0.671,,
UNASSIGNED,gs://images/1f17aaba6bb8e32a.jpg,0.360,0.274,,,0.536,0.488,,
UNASSIGNED,gs://images/1f1bb94dc539e902.jpg,0.453,0.386,,,0.721,0.747,,
UNASSIGNED,gs://images/1f207bcbe80534ef.jpg,0.486,0.037,,,0.648,0.285,,
UNASSIGNED,gs://images/1f21eeca4577a562.jpg,0.379,0.079,,,0.451,0.135,,
UNASSIGNED,gs://images/1f3487e5d1fe0703.jpg,0.019,1.238,,,0.042,1,,
UNASSIGNED,gs://images/1f3c5e626f8a84a0.jpg,0.08,0.006,,,0.217,0.119,,
UNASSIGNED,gs://images/1f5cf6e96f0e0690.jpg,0.568,0.189,,,0.595,0.210,,
UNASSIGNED,gs://images/1f6c156f2cb2d4f2.jpg,0.263,0.017,,,0.792,0.579,,
UNASSIGNED,gs://images/1f7588d27ea9a464.jpg,0.418,0.070,,,0.717,0.464,,
UNASSIGNED,gs://images/1f7c30f0c24fda91.jpg,0.404,0.066,,,0.560,0.299,,
UNASSIGNED,gs://images/1f7c60303dd0c273.jpg,0.362,0,,,0.926,0.523,,
UNASSIGNED,gs://images/1fab886d6d4533a4.jpg,0,0.310,,,0.047,0.362,,
UNASSIGNED,gs://images/1fae4d6fc69112d4.jpg,0.471,0,,,0.998,0.667,,
UNASSIGNED,gs://images/1fb9783df691b0ad.jpg,0.239,0.166,,,0.873,0.885,,
UNASSIGNED,gs://images/1fc21a2983262b67.jpg,0.465,0.022,,,0.664,0.250,,
UNASSIGNED,gs://images/1fda48dc2f27900a.jpg,0.036,0.312,,,0.465,0.667,,
UNASSIGNED,gs://images/1fe277f5abfc7d74.jpg,0.299,0,,,0.790,0.510,,
UNASSIGNED,gs://images/1ffc718338acc984.jpg,0.331,0.096,,,0.626,0.451,,
UNASSIGNED,gs://images/200b61ad1d74f2e2.jpg,0,0.224,,,0.151,0.407,,
UNASSIGNED,gs://images/2016eb0aad648088.jpg,0.278,0.279,,,0.339,0.348,,
UNASSIGNED,gs://images/202130e9953bf3ac.jpg,0.131,0,,,0.881,0.693,,
UNASSIGNED,gs://images/203e9d889d5fd26d.jpg,0.142,0.111,,,0.232,0.222,,
UNASSIGNED,gs://images/204ddb40982865e6.jpg,0.279,0.389,,,0.693,0.844,,
UNASSIGNED,gs://images/2059c3040ad9cdd3.jpg,0.022,0.599,,,0.038,0.608,,
UNASSIGNED,gs://images/206684f0aa5dcc01.jpg,0.226,0.248,,,0.622,0.584,,
UNASSIGNED,gs://images/2077dc97110db822.jpg,0.383,0.351,,,0.518,0.502,,
UNASSIGNED,gs://images/2087eb03c03deffd.jpg,0.25,1.142,,,0.385,1,,
UNASSIGNED,gs://images/20948f288187f51a.jpg,0.330,0.143,,,0.447,0.329,,
UNASSIGNED,gs://images/20a2a94fb2c998c7.jpg,0.023,0.176,,,0.063,0.208,,
UNASSIGNED,gs://images/20af1d21449acdce.jpg,0.096,0.265,,,0.476,0.607,,
UNASSIGNED,gs://images/20f0e2d4d8a85f8c.jpg,0.666,0.173,,,0.833,0.338,,
UNASSIGNED,gs://images/2110e5d8ca7e5a99.jpg,0.640,0.325,,,0.840,0.492,,
UNASSIGNED,gs://images/2117bc938d9d9ea4.jpg,0.454,0.471,,,0.520,0.650,,
UNASSIGNED,gs://images/211c8b4916e8de1a.jpg,0.483,0.308,,,0.497,0.322,,
UNASSIGNED,gs://images/212634d705f533da.jpg,0.121,0.076,,,0.186,0.126,,
UNASSIGNED,gs://images/21269201fec8c14b.jpg,0.002,0.175,,,0.070,0.265,,
UNASSIGNED,gs://images/2129968bbda5fd05.jpg,0.189,0.326,,,0.407,0.620,,
UNASSIGNED,gs://images/21494d2aaaf0d2c1.jpg,0.116,0.150,,,0.207,0.272,,
UNASSIGNED,gs://images/215b9a6510757e4f.jpg,0.370,0.020,,,0.530,0.249,,
UNASSIGNED,gs://images/2166fee86172e199.jpg,0.391,0.345,,,0.591,0.600,,
UNASSIGNED,gs://images/218286ba4b3c3533.jpg,0.306,0.064,,,0.449,0.234,,
UNASSIGNED,gs://images/2192e031f570a4d5.jpg,0.013,0.241,,,0.054,0.285,,
UNASSIGNED,gs://images/2193ead2acb9cdc7.jpg,0.262,0.140,,,0.59,0.572,,
UNASSIGNED,gs://images/21943f7714b4ed83.jpg,0.004,0.035,,,1,0.677,,
UNASSIGNED,gs://images/219d2359715ad820.jpg,0.436,0.076,,,0.528,0.194,,
UNASSIGNED,gs://images/21bf3a99e1062d37.jpg,0.325,0.327,,,0.85,0.783,,
UNASSIGNED,gs://images/21c39f80fb3ee00e.jpg,0.159,0.493,,,0.186,0.520,,
UNASSIGNED,gs://images/21c952b68141a87e.jpg,0.460,0.203,,,0.528,0.295,,
UNASSIGNED,gs://images/21d49b0df09b3757.jpg,0.382,0.174,,,0.557,0.387,,
UNASSIGNED,gs://images/222a383653c65184.jpg,0.269,0.189,,,0.626,0.534,,
UNASSIGNED,gs://images/2230b13c834b4db6.jpg,0.633,0.354,,,0.762,0.514,,
UNASSIGNED,gs://images/223659ae8d4719c6.jpg,0.363,0.036,,,0.536,0.241,,
UNASSIGNED,gs://images/22513a42eab3d90e.jpg,0.434,0.149,,,0.806,0.585,,
UNASSIGNED,gs://images/226e7cc4f7b6962c.jpg,0.015,0.031,,,0.454,0.517,,
UNASSIGNED,gs://images/226f45719bfa23b3.jpg,0.402,0.272,,,0.764,0.712,,
UNASSIGNED,gs://images/227b9ef81a3fa85b.jpg,0.561,0.018,,,0.823,0.380,,
UNASSIGNED,gs://images/227d9e3550c9ec57.jpg,0.377,0.033,,,0.768,0.416,,
UNASSIGNED,gs://images/229e5a503233b470.jpg,0.426,0.131,,,0.531,0.276,,
UNASSIGNED,gs://images/22a5848e375335e3.jpg,0,0.084,,,0.070,0.171,,
UNASSIGNED,gs://images/22ae802569dfd002.jpg,0.144,0.286,,,0.278,0.458,,
UNASSIGNED,gs://images/22b1350067c714bd.jpg,0.118,0.001,,,0.300,0.223,,
UNASSIGNED,gs://images/22bed27b73a4b731.jpg,0.425,0.078,,,0.457,0.113,,
UNASSIGNED,gs://images/2317fb15bcd3ce85.jpg,0.272,0.110,,,1,1,,
UNASSIGNED,gs://images/231f3e437626f792.jpg,0,0.140,,,0.438,0.756,,
UNASSIGNED,gs://images/231ffd2c07204de2.jpg,0.283,0.079,,,0.424,0.261,,
UNASSIGNED,gs://images/232299e70b9fe949.jpg,0.201,0.048,,,0.396,0.280,,
UNASSIGNED,gs://images/23282811e70b4df7.jpg,0.157,0.156,,,0.557,0.661,,
UNASSIGNED,gs://images/233f25c449ac97aa.jpg,0.389,0.384,,,0.836,0.822,,
UNASSIGNED,gs://images/234fe0dbdd05ffa1.jpg,0.160,0.195,,,0.239,0.302,,
UNASSIGNED,gs://images/237219dbcdf91210.jpg,0.471,0.087,,,0.806,0.481,,
UNASSIGNED,gs://images/237da47182e417c7.jpg,0.477,0.054,,,0.557,0.166,,
UNASSIGNED,gs://images/238a4fe184791234.jpg,0.275,0.553,,,0.284,0.562,,
UNASSIGNED,gs://images/23b37f5ddfe5b6a9.jpg,0.130,0.240,,,0.682,0.777,,
UNASSIGNED,gs://images/23e0d412deaa215b.jpg,0.390,0.072,,,0.643,0.500,,
UNASSIGNED,gs://images/23e92e0878b04686.jpg,0.016,0,,,0.05,0.011,,
UNASSIGNED,gs://images/23fb6068833030c0.jpg,0.435,0.245,,,0.617,0.422,,
UNASSIGNED,gs://images/240290e2f775af42.jpg,0.423,0,,,0.785,0.418,,
UNASSIGNED,gs://images/24402c2bad1d1faf.jpg,0.095,0.083,,,0.452,0.662,,
UNASSIGNED,gs://images/244261458cd1b751.jpg,0.023,0.18,,,0.285,0.653,,
UNASSIGNED,gs://images/244bb070400f4dfe.jpg,0.015,0,,,1,0.748,,
UNASSIGNED,gs://images/244debb958bf6b6d.jpg,0.343,0.201,,,0.368,0.240,,
UNASSIGNED,gs://images/245864fdd2d7b6b8.jpg,0.091,0.293,,,0.197,0.416,,
UNASSIGNED,gs://images/247e4fff14e45e33.jpg,0.002,0.818,,,0.084,0.906,,
UNASSIGNED,gs://images/248b5f914b325928.jpg,0.101,0.126,,,0.442,0.604,,
UNASSIGNED,gs://images/2499021935fff88f.jpg,0.353,0.257,,,0.537,0.509,,
UNASSIGNED,gs://images/24a40d9bb9b7d10c.jpg,0.429,0.159,,,0.659,0.445,,
UNASSIGNED,gs://images/24b14dbf64eeced1.jpg,0.019,0.354,,,0.140,0.470,,
UNASSIGNED,gs://images/24b6614a5a590e8f.jpg,0.126,0.242,,,0.232,0.404,,
UNASSIGNED,gs://images/24bf44f44eb22c0d.jpg,0.343,0.289,,,0.520,0.472,,
UNASSIGNED,gs://images/24c1fd7f6fdc6a9a.jpg,0.151,0.060,,,0.331,0.355,,
UNASSIGNED,gs://images/24dcc62a2d50345a.jpg,0,0.037,,,0.116,0.245,,
UNASSIGNED,gs://images/24ecee17e7b53fab.jpg,0.182,0.116,,,0.341,0.309,,
UNASSIGNED,gs://images/2502510f4d331980.jpg,0.337,0.243,,,0.651,0.651,,
UNASSIGNED,gs://images/250a9da84b9e98ce.jpg,0,0,,,0.993,1,,
UNASSIGNED,gs://images/2510131d3d6eb5ba.jpg,0.238,0.185,,,0.354,0.281,,
UNASSIGNED,gs://images/253a5bc70f272179.jpg,0.476,0.165,,,0.565,0.279,,
UNASSIGNED,gs://images/25542cf1ed9d562f.jpg,0,0.125,,,1,0.523,,
UNASSIGNED,gs://images/25b4dd6102799d9e.jpg,0.210,0.123,,,0.426,0.381,,
UNASSIGNED,gs://images/25c57ede323f5ab9.jpg,0,0.243,,,0.918,1,,
UNASSIGNED,gs://images/25ce96bd10afe1b0.jpg,0.260,0.271,,,0.529,0.581,,
UNASSIGNED,gs://images/25d2cdb8456bddc9.jpg,0.491,0.202,,,0.772,0.437,,
UNASSIGNED,gs://images/25e007e310a88335.jpg,0.731,0.945,,,0.802,1,,
UNASSIGNED,gs://images/25e52c176f440ad8.jpg,0.283,0.15,,,0.531,0.397,,
UNASSIGNED,gs://images/25f91afe0f75cba2.jpg,0.028,0,,,0.284,0.328,,
UNASSIGNED,gs://images/2637401787cdd723.jpg,0,0.040,,,0.021,0.101,,
UNASSIGNED,gs://images/26466fd83b52f677.jpg,0,0.001,,,0.998,0.632,,
UNASSIGNED,gs://images/264a0477366f8725.jpg,0.286,0.345,,,0.624,0.581,,
UNASSIGNED,gs://images/26557008b4fcf408.jpg,0.410,0.118,,,0.481,0.247,,
UNASSIGNED,gs://images/2664dd370f6e6a1b.jpg,0.413,0,,,0.890,0.656,,
UNASSIGNED,gs://images/2666a0d1d180addc.jpg,0.118,0.012,,,0.303,0.126,,
UNASSIGNED,gs://images/266a3f657957cba7.jpg,0.372,0.318,,,0.621,0.668,,
UNASSIGNED,gs://images/2678adb3c12a15af.jpg,0.259,0.032,,,0.727,0.525,,
UNASSIGNED,gs://images/267fb36486a00fcc.jpg,0.153,0.042,,,0.329,0.224,,
UNASSIGNED,gs://images/268d18715734c7e9.jpg,0.417,0.867,,,0.470,0.910,,
UNASSIGNED,gs://images/26966ba3d9366666.jpg,0.396,0.147,,,0.576,0.405,,
UNASSIGNED,gs://images/26a214bf0adfd026.jpg,0.292,0.117,,,0.390,0.270,,
UNASSIGNED,gs://images/26a6b52b4016ca24.jpg,0.017,0.254,,,0.054,0.302,,
UNASSIGNED,gs://images/26af455e39f4e978.jpg,0.037,0.120,,,0.103,0.194,,
UNASSIGNED,gs://images/26cb20487cbc008d.jpg,0.242,0.146,,,0.698,0.481,,
UNASSIGNED,gs://images/26d3e6efda2035c0.jpg,0.314,0.030,,,0.646,0.389,,
UNASSIGNED,gs://images/26e91c1cfe24ecc8.jpg,0.175,0.010,,,0.206,0.042,,
UNASSIGNED,gs://images/2718dd6594c1ef0c.jpg,0.354,0,,,0.585,0.413,,
UNASSIGNED,gs://images/272b1e8e7117cfab.jpg,0.368,0.573,,,0.404,0.603,,
UNASSIGNED,gs://images/272d20fc147a64e7.jpg,0.287,0.040,,,0.428,0.207,,
UNASSIGNED,gs://images/27337e0ad2040478.jpg,0.442,0.069,,,0.498,0.112,,
UNASSIGNED,gs://images/27381baca8b56e16.jpg,0,0,,,0.909,1,,
UNASSIGNED,gs://images/2739fbed22758c44.jpg,0.371,0.019,,,0.598,0.351,,
UNASSIGNED,gs://images/273cfcf54c4be440.jpg,0.565,0.117,,,0.703,0.318,,
UNASSIGNED,gs://images/273d76c3c5029109.jpg,0.366,0.239,,,0.522,0.402,,
UNASSIGNED,gs://images/27409c19f787c4d8.jpg,0.450,0.064,,,0.735,0.373,,
UNASSIGNED,gs://images/2760a7e150566325.jpg,0.279,0.269,,,0.410,0.432,,
UNASSIGNED,gs://images/27646bd999f28bb7.jpg,0,0,,,1,1,,
UNASSIGNED,gs://images/2779fdbb5940e84b.jpg,0.851,0.282,,,0.922,0.358,,
UNASSIGNED,gs://images/27821535486ba8a8.jpg,0.204,0.399,,,0.288,0.445,,
UNASSIGNED,gs://images/27872bf1116026ac.jpg,0.288,0.019,,,0.432,0.228,,
UNASSIGNED,gs://images/2788147877e5ebb6.jpg,0.412,0.412,,,0.520,0.541,,
UNASSIGNED,gs://images/279913896e33d7fd.jpg,0.214,0.154,,,0.286,0.257,,
UNASSIGNED,gs://images/27b7e38d8f558578.jpg,0.085,0,,,1,0.877,,
UNASSIGNED,gs://images/27ba6189609ff436.jpg,0.366,0.181,,,0.491,0.323,,
UNASSIGNED,gs://images/27c41bbdb49d6f5f.jpg,0.435,0.219,,,0.532,0.355,,
UNASSIGNED,gs://images/27f6093b673df364.jpg,0.334,0.267,,,0.446,0.396,,
UNASSIGNED,gs://images/282ffaca54c71954.jpg,0.376,0.256,,,0.640,0.697,,
UNASSIGNED,gs://images/2834df29044b96a1.jpg,0.1,0.132,,,0.946,0.645,,
UNASSIGNED,gs://images/2838397bb1e93ca3.jpg,0.395,0.051,,,0.754,0.371,,
UNASSIGNED,gs://images/283bd27e62649c60.jpg,0.107,0.545,,,0.148,0.593,,
UNASSIGNED,gs://images/284196b6b7271e75.jpg,0.392,0.087,,,0.456,0.174,,
UNASSIGNED,gs://images/284227f415eec091.jpg,0.054,0.205,,,0.135,0.305,,
UNASSIGNED,gs://images/2847c7dcc70ec525.jpg,0.278,0.309,,,0.767,0.846,,
UNASSIGNED,gs://images/284b9fc66ab531fa.jpg,0.571,0.104,,,0.635,0.198,,
UNASSIGNED,gs://images/284d871d260c8b67.jpg,0.294,0.252,,,0.438,0.411,,
UNASSIGNED,gs://images/28634d3efec11377.jpg,0.841,0.048,,,0.923,0.132,,
UNASSIGNED,gs://images/2873d275a5aae42a.jpg,0,0.514,,,0.120,0.75,,
UNASSIGNED,gs://images/28800190089f44be.jpg,0.205,0,,,0.751,0.845,,
UNASSIGNED,gs://images/28808fa809a40c6e.jpg,0.410,0.049,,,0.737,0.531,,
UNASSIGNED,gs://images/28931759ca82fc43.jpg,0.151,0.243,,,0.282,0.385,,
UNASSIGNED,gs://images/28bd1f48bcaf6492.jpg,0.351,0.053,,,0.648,0.363,,
UNASSIGNED,gs://images/28cbe2542dd6d282.jpg,0.064,0,,,0.997,1,,
UNASSIGNED,gs://images/28cddcc95e9926eb.jpg,0.083,0.735,,,0.278,0.946,,
UNASSIGNED,gs://images/28dea96bc02ee4c9.jpg,0.171,0.081,,,0.662,0.552,,
UNASSIGNED,gs://images/28f45b12ee25ae19.jpg,0.782,0.190,,,0.876,0.300,,
UNASSIGNED,gs://images/28f47309ac19e062.jpg,0.008,0,,,0.078,0.038,,
UNASSIGNED,gs://images/290e0c79566de6bc.jpg,0,0.022,,,1,0.667,,
UNASSIGNED,gs://images/2912d9097d7d6107.jpg,0.216,0.032,,,0.43,0.286,,
UNASSIGNED,gs://images/291e9c3df3a9ffb5.jpg,0.704,0.100,,,0.985,0.290,,
UNASSIGNED,gs://images/291f0e0b8367570a.jpg,0.420,0.002,,,0.556,0.237,,
UNASSIGNED,gs://images/291f50e909f7872e.jpg,0.468,0.087,,,0.790,0.506,,
UNASSIGNED,gs://images/293b45df3bcf55d0.jpg,0.432,0.367,,,0.607,0.577,,
UNASSIGNED,gs://images/294885a08c11dfa4.jpg,0.241,0.720,,,0.291,0.785,,
UNASSIGNED,gs://images/29531f9650d9cb70.jpg,0.394,0.094,,,0.599,0.383,,
UNASSIGNED,gs://images/29581154caf9dc96.jpg,0.424,0.064,,,0.545,0.224,,
UNASSIGNED,gs://images/295a2ffafd5da7fa.jpg,0,0.008,,,0.464,0.416,,
UNASSIGNED,gs://images/295a7f2d76bcccb2.jpg,0.385,0.111,,,0.541,0.250,,
UNASSIGNED,gs://images/298b35ac4e08db26.jpg,0.167,0.113,,,0.230,0.211,,
UNASSIGNED,gs://images/2993034acbaccf54.jpg,0.197,0.129,,,0.835,1,,
UNASSIGNED,gs://images/29b8e3d231d54fda.jpg,0.196,0.191,,,0.252,0.262,,
UNASSIGNED,gs://images/29cc7113b4446e04.jpg,0.455,0.340,,,0.577,0.479,,
UNASSIGNED,gs://images/29ce03b542dccc4c.jpg,0.068,0.501,,,0.273,0.75,,
UNASSIGNED,gs://images/29faa8b48f111791.jpg,0.418,0.096,,,0.591,0.214,,
UNASSIGNED,gs://images/2a0920aa36064697.jpg,0.294,0.075,,,0.612,0.499,,
UNASSIGNED,gs://images/2a0c64f59a738dbd.jpg,0.170,0.119,,,0.228,0.194,,
UNASSIGNED,gs://images/2a1dd6244c9d21b8.jpg,0.094,0.139,,,0.182,0.244,,
UNASSIGNED,gs://images/2a216033da9d4623.jpg,0.303,0.086,,,0.725,0.716,,
UNASSIGNED,gs://images/2a2af82043d0c6e1.jpg,0.322,0.346,,,0.412,0.493,,
UNASSIGNED,gs://images/2a3513ff487baa5e.jpg,0.325,0.051,,,0.768,0.517,,
UNASSIGNED,gs://images/2a3a775eed5a6db8.jpg,0.685,0.073,,,0.820,0.190,,
UNASSIGNED,gs://images/2a4ad4d57dcfa3a4.jpg,0.304,0,,,0.841,0.621,,
UNASSIGNED,gs://images/2a5afcdc389ddca3.jpg,0.374,0.092,,,0.412,0.149,,
UNASSIGNED,gs://images/2a83984905b02742.jpg,0.193,0.017,,,0.460,0.424,,
UNASSIGNED,gs://images/2ab1b66341a6616c.jpg,0.097,0.104,,,0.895,1,,
UNASSIGNED,gs://images/2acd790522ad524f.jpg,0.436,0.076,,,0.633,0.310,,
UNASSIGNED,gs://images/2adc2001f2704f06.jpg,0,0,,,0.023,0.035,,
UNASSIGNED,gs://images/2ae7b29752f82465.jpg,0,0,,,1,0.272,,
UNASSIGNED,gs://images/2afcec1f707608d2.jpg,0.226,0.226,,,0.491,0.482,,
UNASSIGNED,gs://images/2b5d1111ffd23c68.jpg,0.474,0.087,,,0.557,0.199,,
UNASSIGNED,gs://images/2b5e4a5ff158a3c0.jpg,0.168,0.365,,,0.307,0.471,,
UNASSIGNED,gs://images/2b7d4c36406a4395.jpg,0.312,0.281,,,0.387,0.362,,
UNASSIGNED,gs://images/2b8512256d5d2835.jpg,0.428,0,,,0.762,0.342,,
UNASSIGNED,gs://images/2ba320ff150ad757.jpg,0.037,0.208,,,0.85,1,,
UNASSIGNED,gs://images/2bb371dc7d9c1509.jpg,0.247,0.087,,,0.458,0.352,,
UNASSIGNED,gs://images/2bc217a3a24b3515.jpg,0.028,0.357,,,0.163,0.511,,
UNASSIGNED,gs://images/2bc8d6bf8eb71c21.jpg,0.412,0.059,,,0.601,0.315,,
UNASSIGNED,gs://images/2bcc5062d0f8e0c1.jpg,0.532,0.212,,,0.676,0.382,,
UNASSIGNED,gs://images/2bd2581bf980028b.jpg,0,0.333,,,0.279,0.646,,
UNASSIGNED,gs://images/2bee5d12e4ef7ccf.jpg,0.05,0.070,,,0.284,0.329,,
UNASSIGNED,gs://images/2bf2a32a1547ed07.jpg,0.419,0.895,,,0.467,0.950,,
UNASSIGNED,gs://images/2c0ede2d5afce7a5.jpg,0.107,0.364,,,0.269,0.524,,
UNASSIGNED,gs://images/2c1f055d4f648e4b.jpg,0.184,0.345,,,0.35,0.532,,
UNASSIGNED,gs://images/2c1f41b2cbe8cd27.jpg,0.377,0.316,,,0.629,0.597,,
UNASSIGNED,gs://images/2c217318b424591d.jpg,0.243,0.100,,,0.438,0.337,,
UNASSIGNED,gs://images/2c2a1210bfe84fe4.jpg,0.152,0.201,,,0.410,0.515,,
UNASSIGNED,gs://images/2c4657c4bdff9441.jpg,0.213,0.064,,,0.741,0.812,,
UNASSIGNED,gs://images/2c5df22660f2eb69.jpg,0.255,0.264,,,0.376,0.363,,
UNASSIGNED,gs://images/2c6f4e582a3450f3.jpg,0,0,,,0.578,0.724,,
UNASSIGNED,gs://images/2c8c4ffcc04bbf4d.jpg,0.239,0.384,,,0.343,0.505,,
UNASSIGNED,gs://images/2c95e52ef7c7d6fa.jpg,0.045,0.035,,,0.802,0.843,,
UNASSIGNED,gs://images/2cab997e4187e1f1.jpg,0.028,0,,,0.997,0.328,,
UNASSIGNED,gs://images/2cb206e0d509c8cb.jpg,0.445,0.035,,,0.594,0.233,,
UNASSIGNED,gs://images/2cca7da186ea7802.jpg,0.559,0.125,,,0.643,0.207,,
UNASSIGNED,gs://images/2ccf620fabfd3994.jpg,0.170,0.496,,,0.75,1,,
UNASSIGNED,gs://images/2cd897e64610e5c8.jpg,0.177,0.094,,,0.782,0.823,,
UNASSIGNED,gs://images/2cdd0d9a159f1012.jpg,0.319,0.034,,,0.684,0.652,,
UNASSIGNED,gs://images/2ce7a1cef23a554c.jpg,0.534,0.207,,,0.777,0.406,,
UNASSIGNED,gs://images/2cef13c890006439.jpg,0.404,0.269,,,1,1,,
UNASSIGNED,gs://images/2cf5ac5fe43b235c.jpg,0.078,0.228,,,0.154,0.370,,
UNASSIGNED,gs://images/2cfcf20c72f40b75.jpg,0.312,0.043,,,0.666,0.503,,
UNASSIGNED,gs://images/2d05bdae496857cd.jpg,0.288,0.094,,,0.714,0.517,,
UNASSIGNED,gs://images/2d0e3d74e9d9c96d.jpg,0.214,0.925,,,0.360,1,,
UNASSIGNED,gs://images/2d4447c12b6c9b9e.jpg,0.099,0.723,,,0.170,0.789,,
UNASSIGNED,gs://images/2d57aca1cd5201aa.jpg,0.334,0,,,0.617,0.317,,
UNASSIGNED,gs://images/2d7aeb9c4b50704f.jpg,0.033,0.087,,,0.737,1,,
UNASSIGNED,gs://images/2d7e0d1d11284a9f.jpg,0.286,0.328,,,0.406,0.505,,
UNASSIGNED,gs://images/2d8be9b9ae3b2332.jpg,0.293,0.044,,,0.703,0.534,,
UNASSIGNED,gs://images/2d8db44799402f88.jpg,0.323,0.066,,,0.670,0.486,,
UNASSIGNED,gs://images/2da40ca9908b6145.jpg,0.143,0.040,,,0.229,0.157,,
UNASSIGNED,gs://images/2da589ab62bd88c0.jpg,0.420,0.019,,,0.481,0.084,,
UNASSIGNED,gs://images/2db677ca77aaf4f3.jpg,0,0,,,0.750,0.615,,
UNASSIGNED,gs://images/2de105d7caa39f21.jpg,0.358,0.036,,,0.993,0.810,,
UNASSIGNED,gs://images/2e15b889efdfaa65.jpg,0.098,0,,,0.484,0.506,,
UNASSIGNED,gs://images/2e1b6b5c14f7d522.jpg,0.145,0.059,,,0.161,0.085,,
UNASSIGNED,gs://images/2e43627c0c4eac4f.jpg,0.193,0.023,,,0.331,0.207,,
UNASSIGNED,gs://images/2e49bbafb24ef492.jpg,0.303,0.232,,,0.627,0.496,,
UNASSIGNED,gs://images/2e4c4ad30c37a081.jpg,0.570,0.209,,,0.634,0.296,,
UNASSIGNED,gs://images/2e5d76e12007072f.jpg,0.373,0.289,,,0.620,0.547,,
UNASSIGNED,gs://images/2e795d1eb06f7887.jpg,0,0,,,0.851,0.661,,
UNASSIGNED,gs://images/2e835d0f8d40ffcc.jpg,0,0.107,,,0.321,0.509,,
UNASSIGNED,gs://images/2e992c60b1807c95.jpg,0.677,0.593,,,0.800,0.739,,
UNASSIGNED,gs://images/2e9c24b2005b3adf.jpg,0.082,0.280,,,0.162,0.399,,
UNASSIGNED,gs://images/2ebd96a0d9c0628f.jpg,0.070,0.051,,,0.906,0.884,,
UNASSIGNED,gs://images/2ec4d02dee94565a.jpg,0.236,0,,,0.350,0.179,,
UNASSIGNED,gs://images/2ec8092ecbdd5e5e.jpg,0.605,0.132,,,0.746,0.271,,
UNASSIGNED,gs://images/2edb313da4c78b4b.jpg,0.138,0.035,,,0.362,0.255,,
UNASSIGNED,gs://images/2f2039140c8b1f2b.jpg,0.443,0.389,,,0.606,0.604,,
UNASSIGNED,gs://images/2f2de2cc0898f31b.jpg,0,0.514,,,0.021,0.564,,
UNASSIGNED,gs://images/2f3887024d298547.jpg,0.262,0.184,,,0.296,0.235,,
UNASSIGNED,gs://images/2f41194bd1866396.jpg,0,0,,,0.974,0.666,,
UNASSIGNED,gs://images/2f6298d36fa50adb.jpg,0,0,,,0.860,0.940,,
UNASSIGNED,gs://images/2f761297f92e32a3.jpg,0,0.118,,,0.196,0.348,,
UNASSIGNED,gs://images/2f8519bef8ae1be2.jpg,0.514,0.101,,,0.560,0.129,,
UNASSIGNED,gs://images/2f86b4505ed62f2e.jpg,0.268,0.023,,,0.377,0.191,,
UNASSIGNED,gs://images/2f99245feec13d9e.jpg,0.585,0.609,,,0.658,0.712,,
UNASSIGNED,gs://images/2fa4125e8a686509.jpg,0.178,0.220,,,0.301,0.367,,
UNASSIGNED,gs://images/2fbbee1ecc00b515.jpg,0.259,0.129,,,0.350,0.225,,
UNASSIGNED,gs://images/302a56fde137945d.jpg,0.259,0.100,,,0.418,0.286,,
UNASSIGNED,gs://images/3038decb5d4968be.jpg,0.241,0,,,0.992,0.727,,
UNASSIGNED,gs://images/305837164e5faabe.jpg,0.104,0.002,,,1,1,,
UNASSIGNED,gs://images/30595dcd13fa95dc.jpg,0.412,0.267,,,0.451,0.296,,
UNASSIGNED,gs://images/3059d065edf95b15.jpg,0.915,0.159,,,1,0.285,,
UNASSIGNED,gs://images/30716426b54535e7.jpg,0.318,0.165,,,0.997,0.979,,
UNASSIGNED,gs://images/3087d88b44d92d90.jpg,0.360,0.370,,,0.532,0.566,,
UNASSIGNED,gs://images/3089c99baff303e3.jpg,0.165,0,,,0.378,0.279,,
UNASSIGNED,gs://images/30aa53f05602d3ec.jpg,0.104,0.032,,,0.467,0.548,,
UNASSIGNED,gs://images/30ace30967aca271.jpg,0.379,0.010,,,0.546,0.234,,
UNASSIGNED,gs://images/30b588e4be85cf2b.jpg,0.510,0.120,,,0.570,0.156,,
UNASSIGNED,gs://images/30c79d39f91c4c97.jpg,0.812,0.273,,,1,0.413,,
UNASSIGNED,gs://images/30d9d050af89bf63.jpg,0.212,0.067,,,0.327,0.241,,
UNASSIGNED,gs://images/30dc8f6e837f7b47.jpg,0.584,0.117,,,0.690,0.223,,
UNASSIGNED,gs://images/30ed6812a8b62cae.jpg,0.381,0.060,,,0.544,0.236,,
UNASSIGNED,gs://images/30f734ac4732b30c.jpg,0,0,,,1,0.772,,
UNASSIGNED,gs://images/31072b8ef8354106.jpg,0.025,0.350,,,0.242,0.579,,
UNASSIGNED,gs://images/3120e46a6a14d2ee.jpg,0.375,0.221,,,0.406,0.290,,
UNASSIGNED,gs://images/3128e57d25084132.jpg,0.347,0,,,0.997,1,,
UNASSIGNED,gs://images/313630cd968843af.jpg,0,0,,,0.465,0.526,,
UNASSIGNED,gs://images/31847090ecce008a.jpg,0.403,0.028,,,0.668,0.418,,
UNASSIGNED,gs://images/318bf6bc2ab15303.jpg,0.084,0.088,,,0.846,1,,
UNASSIGNED,gs://images/318c434653123191.jpg,0.204,0.284,,,0.289,0.367,,
UNASSIGNED,gs://images/319305414bb65188.jpg,0.135,0.056,,,0.431,0.562,,
UNASSIGNED,gs://images/31953a120269f9cf.jpg,0.152,0.323,,,0.291,0.490,,
UNASSIGNED,gs://images/319d1550c5c5c7e2.jpg,0.181,0.360,,,0.437,0.705,,
UNASSIGNED,gs://images/31a383ff1e90c3be.jpg,0.112,0.458,,,0.510,1,,
UNASSIGNED,gs://images/31a959f4f09741f1.jpg,0.856,0.032,,,0.882,0.061,,
UNASSIGNED,gs://images/31acdd5035bc2b0f.jpg,0.439,0.210,,,0.637,0.397,,
UNASSIGNED,gs://images/31c2a37a8a51d09f.jpg,0.629,0.095,,,0.766,0.297,,
UNASSIGNED,gs://images/31d1fcc27cf142c0.jpg,0.288,0.151,,,0.696,0.678,,
UNASSIGNED,gs://images/31d8491aa40b6acb.jpg,0.264,0.504,,,0.582,0.878,,
UNASSIGNED,gs://images/31eca3ce9349731d.jpg,0.398,0.181,,,0.75,0.654,,
UNASSIGNED,gs://images/31f01dc89f964caa.jpg,0.221,0,,,0.675,0.664,,
UNASSIGNED,gs://images/320fcaa7e1313551.jpg,0.073,0.175,,,0.377,0.569,,
UNASSIGNED,gs://images/32140fb10f4fd580.jpg,0.717,0.318,,,0.789,0.412,,
UNASSIGNED,gs://images/32255e4104d8f9b7.jpg,0.252,0.292,,,0.438,0.509,,
UNASSIGNED,gs://images/3231a4c53a9f7302.jpg,0.167,0.260,,,0.245,0.331,,
UNASSIGNED,gs://images/3264cb227a07af3f.jpg,0.218,0.137,,,0.339,0.306,,
UNASSIGNED,gs://images/3281d2ca06f27c92.jpg,0.305,0.056,,,0.657,0.479,,
UNASSIGNED,gs://images/328fd1f52178a9a7.jpg,0.225,0,,,0.71,0.551,,
UNASSIGNED,gs://images/329bfcc69c021659.jpg,0.113,0.075,,,0.186,0.120,,
UNASSIGNED,gs://images/329f259f5094b9aa.jpg,0.262,0,,,0.848,0.615,,
UNASSIGNED,gs://images/32d8386f0f1d86fc.jpg,0.503,0.160,,,0.671,0.385,,
UNASSIGNED,gs://images/32ee1dc835a358b8.jpg,0.296,0.357,,,0.718,0.849,,
UNASSIGNED,gs://images/33069576e6b60b47.jpg,0.210,0.061,,,0.379,0.290,,
UNASSIGNED,gs://images/33334fc1df5b2536.jpg,0.503,0.040,,,0.804,0.423,,
UNASSIGNED,gs://images/333ed5e609f26e46.jpg,0.503,0.246,,,0.541,0.283,,
UNASSIGNED,gs://images/333fc945c316344f.jpg,0.026,0.387,,,0.048,0.417,,
UNASSIGNED,gs://images/33435e94c0c39077.jpg,0.098,0.060,,,0.215,0.206,,
UNASSIGNED,gs://images/336deab781d31fd9.jpg,0.185,0.018,,,0.783,0.859,,
UNASSIGNED,gs://images/337c8bda1d64f472.jpg,0.009,0.170,,,0.017,0.181,,
UNASSIGNED,gs://images/33877ac31b17f815.jpg,0.277,0.022,,,0.787,0.514,,
UNASSIGNED,gs://images/338efed56b02190e.jpg,0.353,0.090,,,0.787,0.868,,
UNASSIGNED,gs://images/33969a398effdb29.jpg,0.825,0.014,,,0.909,0.112,,
UNASSIGNED,gs://images/33af0cc138a9e827.jpg,0.414,0.101,,,0.614,0.369,,
UNASSIGNED,gs://images/33b4cb8e2b24e7ff.jpg,0,0,,,0.998,0.815,,
UNASSIGNED,gs://images/33cbc33de610bd49.jpg,0.069,0.004,,,0.265,0.294,,
UNASSIGNED,gs://images/33e560e47afb32fc.jpg,0.286,0,,,0.549,0.378,,
UNASSIGNED,gs://images/34075a7a303487f9.jpg,0.262,0.001,,,0.312,0.046,,
UNASSIGNED,gs://images/341d77a8f5bb354b.jpg,0.360,0.398,,,0.409,0.454,,
UNASSIGNED,gs://images/3429a2f06c721cfa.jpg,0.268,0.090,,,0.410,0.275,,
UNASSIGNED,gs://images/342f8a76e32c1297.jpg,0.278,0.243,,,0.479,0.409,,
UNASSIGNED,gs://images/34337f7e9a54eaf6.jpg,0.397,0.060,,,0.546,0.257,,
UNASSIGNED,gs://images/34355691cb8bbc19.jpg,0.340,0.180,,,0.435,0.312,,
UNASSIGNED,gs://images/3445c358ede54ecc.jpg,0.204,0,,,0.801,0.645,,
UNASSIGNED,gs://images/344a9140fb86e57d.jpg,0.462,0.121,,,0.537,0.203,,
UNASSIGNED,gs://images/344c25ee165857c1.jpg,0.259,0.074,,,0.675,0.553,,
UNASSIGNED,gs://images/34619bc20c3736fe.jpg,0.490,0.082,,,0.607,0.257,,
UNASSIGNED,gs://images/34735e7f878b755a.jpg,0.366,0.305,,,0.468,0.372,,
UNASSIGNED,gs://images/347df34db3d6a769.jpg,0.187,0.022,,,0.759,0.679,,
UNASSIGNED,gs://images/34b4b1e00c8e05ce.jpg,0.498,0.518,,,0.572,0.594,,
UNASSIGNED,gs://images/34b65dafe328d39e.jpg,0.151,0.120,,,0.218,0.207,,
UNASSIGNED,gs://images/34c0b981fca0d5a2.jpg,0.171,0.268,,,0.224,0.312,,
UNASSIGNED,gs://images/34d3dbb5e8b11e49.jpg,0.110,0,,,0.170,0.083,,
UNASSIGNED,gs://images/34ec1592f40cdfaa.jpg,0.353,0,,,0.462,0.134,,
UNASSIGNED,gs://images/34ed9240d81925bb.jpg,0.153,0.038,,,0.365,0.294,,
UNASSIGNED,gs://images/34f2a8a81b5080e5.jpg,0,0.309,,,0.387,0.838,,
UNASSIGNED,gs://images/350b868bda8dd8b9.jpg,0.382,0,,,0.971,0.621,,
UNASSIGNED,gs://images/350f86d5d3c2d9c3.jpg,0.345,0,,,0.834,0.618,,
UNASSIGNED,gs://images/3510a98a59445ada.jpg,0.371,0.191,,,0.588,0.433,,
UNASSIGNED,gs://images/35299cbbddd32ec4.jpg,0.198,0.213,,,0.316,0.378,,
UNASSIGNED,gs://images/35379fd065adb97d.jpg,0,0,,,0.501,0.496,,
UNASSIGNED,gs://images/355c0ce26b917431.jpg,0.401,0.110,,,0.549,0.290,,
UNASSIGNED,gs://images/35660928e890aa0e.jpg,0.471,0.119,,,0.685,0.332,,
UNASSIGNED,gs://images/356673d514d13bea.jpg,0.008,0.568,,,0.033,0.597,,
UNASSIGNED,gs://images/3567f456130c4ec2.jpg,0.307,0.473,,,0.601,0.743,,
UNASSIGNED,gs://images/357e768a164a7cd4.jpg,0.245,0,,,1,1,,
UNASSIGNED,gs://images/359a19a08916fb41.jpg,0.313,0.505,,,0.759,1,,
UNASSIGNED,gs://images/35b0cb91a7db8a79.jpg,0.459,0.089,,,0.593,0.223,,
UNASSIGNED,gs://images/35db50220d4087a4.jpg,0.630,0.104,,,0.722,0.193,,
UNASSIGNED,gs://images/35e2ec3e4f2e2243.jpg,0.275,0.277,,,0.433,0.492,,
UNASSIGNED,gs://images/35fdc83122d38ef9.jpg,0.458,0.146,,,0.619,0.284,,
UNASSIGNED,gs://images/36085edad263ae74.jpg,0.283,0,,,0.729,0.654,,
UNASSIGNED,gs://images/362967359de9f39b.jpg,0.065,0,,,0.95,0.75,,
UNASSIGNED,gs://images/362bdfbc0fdaa76f.jpg,0.129,0,,,0.282,0.179,,
UNASSIGNED,gs://images/362c79061506bfbf.jpg,0.267,0.241,,,0.561,0.628,,
UNASSIGNED,gs://images/363fbcd9d3492c8f.jpg,0.075,0.058,,,0.185,0.229,,
UNASSIGNED,gs://images/36439bd833515f70.jpg,0.5,0.143,,,0.767,0.515,,
UNASSIGNED,gs://images/3651afe6bf228ff9.jpg,0.016,0.222,,,0.068,0.274,,
UNASSIGNED,gs://images/36559d6851ae0144.jpg,0.265,0.195,,,0.392,0.411,,
UNASSIGNED,gs://images/366209cb2cfa7f73.jpg,0.184,0.276,,,0.564,0.644,,
UNASSIGNED,gs://images/36755493e5f0bbb8.jpg,0,0.275,,,0.015,0.313,,
UNASSIGNED,gs://images/3695730d98b94abc.jpg,0.155,0.073,,,0.360,0.362,,
UNASSIGNED,gs://images/36a26f43ca6afd6e.jpg,0.334,0,,,0.880,0.601,,
UNASSIGNED,gs://images/36d043e94bdc0d8b.jpg,0.395,0.137,,,0.529,0.327,,
UNASSIGNED,gs://images/36d445e5d590ca57.jpg,0.098,0.289,,,0.280,0.535,,
UNASSIGNED,gs://images/36e9350b69a81c6e.jpg,0.372,0.020,,,0.625,0.325,,
UNASSIGNED,gs://images/36f8e72cc0c8a851.jpg,0.034,0.030,,,0.402,0.467,,
UNASSIGNED,gs://images/36fb93eec9262274.jpg,0.232,0,,,1,0.624,,
UNASSIGNED,gs://images/370406d5365f1adf.jpg,0.606,0,,,0.962,0.323,,
UNASSIGNED,gs://images/370578fd1ac9486b.jpg,0.220,0.059,,,0.6,0.606,,
UNASSIGNED,gs://images/3709ff0177a33b68.jpg,0.302,0.052,,,0.493,0.335,,
UNASSIGNED,gs://images/3743c63c31421227.jpg,0.090,0.129,,,0.185,0.296,,
UNASSIGNED,gs://images/3753d0073b52b1d4.jpg,0.362,0.453,,,0.634,0.766,,
UNASSIGNED,gs://images/375d36c70903565c.jpg,0.165,0.004,,,0.800,0.782,,
UNASSIGNED,gs://images/377124bb7d32d9d3.jpg,0.052,0.008,,,0.091,0.058,,
UNASSIGNED,gs://images/377fe9c5109dd72c.jpg,0.438,0.227,,,0.654,0.510,,
UNASSIGNED,gs://images/378416176070706f.jpg,0.535,0.166,,,0.651,0.226,,
UNASSIGNED,gs://images/37860e490399c045.jpg,0.173,0.400,,,0.293,0.528,,
UNASSIGNED,gs://images/37931745ca541412.jpg,0.100,0.035,,,0.371,0.463,,
UNASSIGNED,gs://images/37ad4393b55ce83f.jpg,0.348,0.238,,,0.793,1,,
UNASSIGNED,gs://images/37aea63ce6c22a39.jpg,0.148,0.337,,,0.339,0.557,,
UNASSIGNED,gs://images/37b4e9656fa21dce.jpg,0.123,0,,,0.854,0.667,,
UNASSIGNED,gs://images/37bd8f0f8dec9753.jpg,0.38,0,,,0.587,0.082,,
UNASSIGNED,gs://images/37f54f8f42cec2b5.jpg,0.501,0.418,,,0.648,0.551,,
UNASSIGNED,gs://images/380e8ddd94cce12c.jpg,0.174,0.597,,,0.800,1,,
UNASSIGNED,gs://images/381001f341859fa0.jpg,0.285,0.304,,,0.398,0.375,,
UNASSIGNED,gs://images/38136306a3600d6f.jpg,0.233,0.542,,,0.759,1,,
UNASSIGNED,gs://images/381acea13a31df67.jpg,0.219,0,,,0.861,0.751,,
UNASSIGNED,gs://images/381e05a98aaf2646.jpg,0.655,0.431,,,0.778,0.527,,
UNASSIGNED,gs://images/383a6ede8b789abc.jpg,0.237,0.333,,,0.55,0.554,,
UNASSIGNED,gs://images/383ffb16d582355d.jpg,0.072,0.034,,,0.288,0.292,,
UNASSIGNED,gs://images/384302d0dbac6f93.jpg,0.452,0.025,,,0.589,0.085,,
UNASSIGNED,gs://images/384c40047ff7c36f.jpg,0.190,0.044,,,0.330,0.243,,
UNASSIGNED,gs://images/385bc2f13c1c8d31.jpg,0.193,0.016,,,0.349,0.237,,
UNASSIGNED,gs://images/385f02fc9d56ebd8.jpg,0.146,0.181,,,0.980,1,,
UNASSIGNED,gs://images/387d4b80bc3fdab8.jpg,0.471,0.093,,,0.631,0.264,,
UNASSIGNED,gs://images/38a79cb9df2a3ab2.jpg,0.560,0.305,,,0.671,0.434,,
UNASSIGNED,gs://images/38b338a4660dfb4e.jpg,0.020,0.226,,,0.478,0.805,,
UNASSIGNED,gs://images/38ba8c32ff4b33e0.jpg,0,0.076,,,0.066,0.349,,
UNASSIGNED,gs://images/38dc3b98d47f621c.jpg,0.218,0.220,,,0.386,0.369,,
UNASSIGNED,gs://images/38dde2b71edf6611.jpg,0.384,0.375,,,0.631,0.610,,
UNASSIGNED,gs://images/38e6fb3648352bf4.jpg,0,0.545,,,0.031,0.601,,
UNASSIGNED,gs://images/38e735dc1bfd935f.jpg,0.301,0.142,,,0.624,0.426,,
UNASSIGNED,gs://images/38f36aa74a466911.jpg,0.209,0,,,0.737,0.047,,
UNASSIGNED,gs://images/390cce601a67389a.jpg,0.392,0.403,,,0.883,0.816,,
UNASSIGNED,gs://images/394e4061105eae3c.jpg,0.082,0.042,,,0.235,0.242,,
UNASSIGNED,gs://images/394e44b2a5c20cab.jpg,0.378,0.168,,,0.533,0.396,,
UNASSIGNED,gs://images/39511f7a57d98423.jpg,0.314,0.193,,,0.434,0.351,,
UNASSIGNED,gs://images/3955ac56f0c1c8cd.jpg,0.146,0,,,0.3,0.159,,
UNASSIGNED,gs://images/3957ff48a977e26e.jpg,0.062,0,,,0.557,0.489,,
UNASSIGNED,gs://images/395939397d472c3b.jpg,0.339,0.230,,,0.447,0.303,,
UNASSIGNED,gs://images/396cf54a15042bab.jpg,0.182,0.272,,,0.262,0.364,,
UNASSIGNED,gs://images/3982f6283b5f0d90.jpg,0.120,0.054,,,0.227,0.220,,
UNASSIGNED,gs://images/3986c171fc9a1735.jpg,0.096,0.047,,,0.345,0.281,,
UNASSIGNED,gs://images/39971a0a73316fbe.jpg,0.197,0.187,,,0.800,0.976,,
UNASSIGNED,gs://images/39bd30d526975082.jpg,0.240,0.465,,,0.254,0.479,,
UNASSIGNED,gs://images/39d9a6ffcc7af043.jpg,0.720,0.126,,,0.742,0.142,,
UNASSIGNED,gs://images/39da70973d514430.jpg,0.1,0.242,,,0.362,0.429,,
UNASSIGNED,gs://images/39ddd29e653da449.jpg,0.252,0.098,,,0.470,0.361,,
UNASSIGNED,gs://images/39e3d914d2e6fea3.jpg,0.202,0.014,,,0.667,0.685,,
UNASSIGNED,gs://images/39e61754c5659d0f.jpg,0.424,0.044,,,0.589,0.315,,
UNASSIGNED,gs://images/39f51240b8605c1f.jpg,0,0,,,0.090,0.114,,
UNASSIGNED,gs://images/39fb462f5b52da45.jpg,0.321,0.640,,,0.637,0.972,,
UNASSIGNED,gs://images/39fb4649dae4a080.jpg,0.384,0,,,1,0.679,,
UNASSIGNED,gs://images/3a11c6ec6ecd59e6.jpg,0.431,0.015,,,0.571,0.215,,
UNASSIGNED,gs://images/3a179b4b05b5957a.jpg,0.003,0.027,,,0.609,0.687,,
UNASSIGNED,gs://images/3a445d61763c1234.jpg,0.561,0.057,,,0.973,0.591,,
UNASSIGNED,gs://images/3a4d29034097faf4.jpg,0.289,0.300,,,0.714,0.838,,
UNASSIGNED,gs://images/3a5088be16cb1d1b.jpg,0,0.682,,,0.118,0.75,,
UNASSIGNED,gs://images/3a5dd291059144bb.jpg,0.039,0.129,,,0.075,0.171,,
UNASSIGNED,gs://images/3a73d238b7c05b30.jpg,0,0,,,0.1,0.291,,
UNASSIGNED,gs://images/3ab64d8f62ae62b8.jpg,0.129,0.248,,,0.141,0.266,,
UNASSIGNED,gs://images/3aee8bcb027e8016.jpg,0,0.657,,,0.099,0.783,,
UNASSIGNED,gs://images/3af9875f8db050b8.jpg,0.232,0.342,,,0.662,0.682,,
UNASSIGNED,gs://images/3afa8d9797eb9e05.jpg,0.245,0.035,,,0.895,0.891,,
UNASSIGNED,gs://images/3b0e947b7173f2dc.jpg,0.187,0.197,,,0.390,0.337,,
UNASSIGNED,gs://images/3b21074788e4a0d7.jpg,0.207,0.062,,,0.421,0.283,,
UNASSIGNED,gs://images/3b2444d13b3b30e1.jpg,0.012,0.150,,,0.243,0.421,,
UNASSIGNED,gs://images/3b2b827f4e9e9d48.jpg,0.690,0.458,,,0.905,0.628,,
UNASSIGNED,gs://images/3b3bb701aa1bcace.jpg,0.628,0.292,,,0.752,0.420,,
UNASSIGNED,gs://images/3b4c69e7e48e8f1f.jpg,0.021,0,,,0.993,1,,
UNASSIGNED,gs://images/3b4ef5a6869b21ba.jpg,0.181,0.111,,,0.351,0.265,,
UNASSIGNED,gs://images/3b67f952f62a6389.jpg,0.210,0.104,,,0.403,0.373,,
UNASSIGNED,gs://images/3b78e75f33d9b90a.jpg,0.429,0.190,,,0.573,0.330,,
UNASSIGNED,gs://images/3b7e3f16aae9787d.jpg,0.448,0.050,,,0.690,0.360,,
UNASSIGNED,gs://images/3b80328ebb23b640.jpg,0.056,0.043,,,0.093,0.091,,
UNASSIGNED,gs://images/3b8e9d5a647d94d1.jpg,0.168,0,,,0.456,0.410,,
UNASSIGNED,gs://images/3bb70c0267942681.jpg,0.023,0.162,,,0.036,0.176,,
UNASSIGNED,gs://images/3bcf95f7f6a5c1ad.jpg,0,0.353,,,0.392,0.748,,
UNASSIGNED,gs://images/3be189900a496924.jpg,0.535,0.174,,,0.635,0.278,,
UNASSIGNED,gs://images/3bebf9287407551a.jpg,0.301,0.326,,,0.425,0.452,,
UNASSIGNED,gs://images/3c079ad7b6018ca4.jpg,0.268,0.026,,,0.457,0.267,,
UNASSIGNED,gs://images/3c0e1135f0f0ce5f.jpg,0.051,0.012,,,0.298,0.182,,
UNASSIGNED,gs://images/3c13e0015b6c3bcf.jpg,0.036,0.271,,,0.201,0.467,,
UNASSIGNED,gs://images/3c1f3570c360d14b.jpg,0.384,0.053,,,0.402,0.072,,
UNASSIGNED,gs://images/3c2575973a5edaef.jpg,0,0.920,,,0.268,1,,
UNASSIGNED,gs://images/3c28ce1a3fd8d857.jpg,0.429,0.268,,,0.536,0.378,,
UNASSIGNED,gs://images/3c2dd8172b1c9dce.jpg,0.456,0.512,,,0.535,0.610,,
UNASSIGNED,gs://images/3c4af6eea3f52dac.jpg,0,0,,,0.896,0.843,,
UNASSIGNED,gs://images/3c58039507939426.jpg,0.334,0.004,,,0.726,0.524,,
UNASSIGNED,gs://images/3c636d621037a069.jpg,0.392,0.042,,,0.523,0.245,,
UNASSIGNED,gs://images/3c678dab48dd6191.jpg,0.425,0.088,,,0.643,0.481,,
UNASSIGNED,gs://images/3c9711557d9fb3d9.jpg,0.558,0.360,,,0.849,0.652,,
UNASSIGNED,gs://images/3cb3bb453d77fb3e.jpg,0.211,0.034,,,0.705,0.664,,
UNASSIGNED,gs://images/3ccb25426a8aa404.jpg,0.183,0.276,,,0.314,0.380,,
UNASSIGNED,gs://images/3ce42fbf9fa94179.jpg,0.120,0.312,,,0.274,0.494,,
UNASSIGNED,gs://images/3ce64aad2d6b5b83.jpg,0.087,0.033,,,0.685,0.733,,
UNASSIGNED,gs://images/3cf8ba264a569e69.jpg,0.256,0.134,,,0.309,0.185,,
UNASSIGNED,gs://images/3d0f3067e9b61d78.jpg,0.063,0.091,,,0.489,0.433,,
UNASSIGNED,gs://images/3d196d7b8401a2d1.jpg,0.340,0.053,,,0.621,0.401,,
UNASSIGNED,gs://images/3d1d96393c2eccd6.jpg,0.450,0.142,,,0.530,0.423,,
UNASSIGNED,gs://images/3d27c190d43ac211.jpg,0.428,0.088,,,0.583,0.296,,
UNASSIGNED,gs://images/3d370555f7a379c9.jpg,0,0,,,0.512,0.651,,
UNASSIGNED,gs://images/3d42dd0fca5505cf.jpg,0.399,0.172,,,0.718,0.513,,
UNASSIGNED,gs://images/3d4cc20be86765ac.jpg,0.096,0.225,,,0.129,0.258,,
UNASSIGNED,gs://images/3d52f50f08c95bed.jpg,0.472,0.113,,,0.610,0.347,,
UNASSIGNED,gs://images/3d6d455b288d1d01.jpg,0.373,0.421,,,0.484,0.593,,
UNASSIGNED,gs://images/3d6df342f0b60419.jpg,0.230,0.114,,,0.601,0.652,,
UNASSIGNED,gs://images/3d7c1992e44fa547.jpg,0.559,0.051,,,0.868,0.331,,
UNASSIGNED,gs://images/3d893f2072a36f7b.jpg,0.274,0.342,,,0.710,0.978,,
UNASSIGNED,gs://images/3d90b85b2f1f151d.jpg,0.029,0.143,,,0.057,0.171,,
UNASSIGNED,gs://images/3d9e1e6b202a8f72.jpg,0.472,0.057,,,0.625,0.256,,
UNASSIGNED,gs://images/3da013e3a4a6ff71.jpg,0.403,0.298,,,0.548,0.500,,
UNASSIGNED,gs://images/3dae1e28263d5976.jpg,0.497,0.119,,,0.788,0.422,,
UNASSIGNED,gs://images/3db67d769a59e5e1.jpg,0.237,0.224,,,0.583,0.492,,
UNASSIGNED,gs://images/3dd1d991aaac9924.jpg,0.119,0.427,,,1,0.666,,
UNASSIGNED,gs://images/3dd7b65215430aeb.jpg,0.241,0.035,,,0.714,0.601,,
UNASSIGNED,gs://images/3ddf905f607c2c80.jpg,0.018,0.234,,,0.05,0.270,,
UNASSIGNED,gs://images/3de3304700e5fe57.jpg,0.408,0.208,,,0.518,0.383,,
UNASSIGNED,gs://images/3deeb62b22d8cb83.jpg,0.088,0.311,,,0.164,0.398,,
UNASSIGNED,gs://images/3df5623f7f9e45b6.jpg,0.489,0.238,,,0.648,0.343,,
UNASSIGNED,gs://images/3e3f45d51c4a049e.jpg,0.086,0.036,,,0.601,0.561,,
UNASSIGNED,gs://images/3e479c3a144f6a33.jpg,0.236,0,,,0.907,0.659,,
UNASSIGNED,gs://images/3e736e4318fd0f1a.jpg,0.314,0.282,,,0.442,0.479,,
UNASSIGNED,gs://images/3e7e671350b4263c.jpg,0.236,0.036,,,0.866,0.889,,
UNASSIGNED,gs://images/3e7f47c92b313f1f.jpg,0.439,0,,,0.965,0.615,,
UNASSIGNED,gs://images/3e954b0419cda7fc.jpg,0,0.155,,,0.051,0.220,,
UNASSIGNED,gs://images/3eac85641a2fc8ea.jpg,0.053,0.468,,,0.1,0.552,,
UNASSIGNED,gs://images/3ec2b4d262e2ac4c.jpg,0.288,0.126,,,0.496,0.379,,
UNASSIGNED,gs://images/3ec68259c19ded7e.jpg,0.348,0.088,,,0.600,0.439,,
UNASSIGNED,gs://images/3ecd3b0292520228.jpg,0.066,0.657,,,0.247,0.824,,
UNASSIGNED,gs://images/3ed2c5c6ca3209f2.jpg,0.063,0.455,,,0.099,0.486,,
UNASSIGNED,gs://images/3ed476ae1d2f1f45.jpg,0.483,0.322,,,0.574,0.422,,
UNASSIGNED,gs://images/3f332b684d8c7363.jpg,0.104,0.146,,,0.173,0.219,,
UNASSIGNED,gs://images/3f372c7aa5b81b40.jpg,0.569,0.151,,,0.727,0.281,,
UNASSIGNED,gs://images/3f4d12195722201c.jpg,0,0,,,0.198,0.387,,
UNASSIGNED,gs://images/3f5a2f3a9b6b328e.jpg,0.040,0.577,,,0.315,0.918,,
UNASSIGNED,gs://images/3f5a50429e46e767.jpg,0.309,0.039,,,0.820,0.696,,
UNASSIGNED,gs://images/3f67ddce3448e74c.jpg,0.406,0.573,,,0.501,0.695,,
UNASSIGNED,gs://images/3f85aab38e4fee07.jpg,0.295,0.247,,,0.614,0.500,,
UNASSIGNED,gs://images/3f972f1ddfaecd27.jpg,0.382,0.037,,,0.664,0.483,,
UNASSIGNED,gs://images/3f9b254ad6c9da52.jpg,0.101,0.284,,,0.216,0.401,,
UNASSIGNED,gs://images/3fb2521488b9b319.jpg,0.053,0.214,,,0.148,0.303,,
UNASSIGNED,gs://images/3fde0a96ded34165.jpg,0.206,0.056,,,0.849,0.914,,
UNASSIGNED,gs://images/3fdf753786f44513.jpg,0.115,0.193,,,0.209,0.299,,
UNASSIGNED,gs://images/3fe496cef1e8b7ad.jpg,0.414,0.114,,,0.646,0.360,,
UNASSIGNED,gs://images/3fe67f409f9db441.jpg,0.161,0.168,,,0.481,0.474,,
UNASSIGNED,gs://images/3feecc5809a29627.jpg,0.763,0.357,,,0.830,0.442,,
UNASSIGNED,gs://images/4002d925e4431f43.jpg,0,0,,,0.032,0.014,,
UNASSIGNED,gs://images/40141ca91bee73db.jpg,0.392,0.166,,,0.507,0.321,,
UNASSIGNED,gs://images/4023d084b0786f72.jpg,0.306,0,,,0.725,0.414,,
UNASSIGNED,gs://images/402a04b92bfb2564.jpg,0.130,0.028,,,0.997,1,,
UNASSIGNED,gs://images/403dcdab374d4e8d.jpg,0.305,0.009,,,0.737,0.469,,
UNASSIGNED,gs://images/4041e8d5b2a1ee25.jpg,0.144,0,,,0.258,0.072,,
UNASSIGNED,gs://images/404d7f2f34f2379d.jpg,0.436,0.324,,,0.534,0.422,,
UNASSIGNED,gs://images/408209a5977369e8.jpg,0.303,0.200,,,0.523,0.464,,
UNASSIGNED,gs://images/4097eda463e6631c.jpg,0.034,0,,,0.298,0.242,,
UNASSIGNED,gs://images/409f7b5ca2a458c6.jpg,0.095,0.193,,,0.176,0.306,,
UNASSIGNED,gs://images/40a05ea0282d5897.jpg,0.254,0.190,,,0.358,0.281,,
UNASSIGNED,gs://images/40b3d7e0f92767aa.jpg,0.193,0.145,,,0.203,0.156,,
UNASSIGNED,gs://images/40b67baffb7019d1.jpg,0.020,0.365,,,0.101,0.448,,
UNASSIGNED,gs://images/40c0b4ccf2129fd5.jpg,0.635,0.312,,,0.725,0.429,,
UNASSIGNED,gs://images/40ccc4a6c97f6f01.jpg,0.125,0.406,,,0.202,0.510,,
UNASSIGNED,gs://images/40d42dd62c70d764.jpg,0.429,0.075,,,0.453,0.101,,
UNASSIGNED,gs://images/41131630abcc1467.jpg,0.399,0,,,0.633,0.252,,
UNASSIGNED,gs://images/413703e92a2f88d4.jpg,0.143,0.251,,,0.365,0.471,,
UNASSIGNED,gs://images/4142ef0217d47a2d.jpg,0.183,0.294,,,0.213,0.335,,
UNASSIGNED,gs://images/41610b3b53176620.jpg,0.520,0.005,,,0.823,0.337,,
UNASSIGNED,gs://images/419db62743171bce.jpg,0.432,0.189,,,0.704,0.456,,
UNASSIGNED,gs://images/41a362d2cf8dd3f8.jpg,0.248,0,,,0.757,0.386,,
UNASSIGNED,gs://images/41bcd3f02e6fa3e3.jpg,0.340,0.398,,,0.661,0.696,,
UNASSIGNED,gs://images/41ce324072a798bb.jpg,0.062,0.165,,,0.116,0.229,,
UNASSIGNED,gs://images/41d3063c4c644039.jpg,0,0,,,0.998,0.748,,
