TRAIN,/Users/anthonyzheng/Desktop/datasets/data/0013ea2087020901.jpg,Head,0.397,0.148,,,0.581,0.316,,
TRAIN,/Users/anthonyzheng/Desktop/datasets/data/00141571d986d241.jpg,Head,0.589,0.316,,,0.740,0.522,,
TRAIN,/Users/anthonyzheng/Desktop/datasets/data/00146ba1e50ed8d8.jpg,Head,0.124,0.114,,,0.337,0.393,,
TRAIN,/Users/anthonyzheng/Desktop/datasets/data/00146ba1e50ed8d8.jpg,Head,0.285,0.437,,,0.451,0.704,,
TRAIN,/Users/anthonyzheng/Desktop/datasets/data/001997021f01f208.jpg,Head,0.471,0.307,,,0.750,0.489,,
TRAIN,/Users/anthonyzheng/Desktop/datasets/data/001997021f01f208.jpg,Head,0.270,0.228,,,0.394,0.314,,
TRAIN,/Users/anthonyzheng/Desktop/datasets/data/00a42a80e5e8d194.jpg,Head,0.617,0.0,,,1.0,0.351,,
TRAIN,/Users/anthonyzheng/Desktop/datasets/data/00c710176e9c2996.jpg,Head,0.431,0.089,,,0.652,0.290,,
TRAIN,/Users/anthonyzheng/Desktop/datasets/data/00e65d13159b498b.jpg,Head,0.413,0.158,,,0.587,0.442,,
TRAIN,/Users/anthonyzheng/Desktop/datasets/data/00eb69293aa4c5b7.jpg,Head,0.186,0.0,,,0.908,0.898,,
TRAIN,/Users/anthonyzheng/Desktop/datasets/data/00ec4ba83d648c33.jpg,Head,0.577,0.341,,,0.645,0.458,,
TRAIN,/Users/anthonyzheng/Desktop/datasets/data/00fd93edd4717826.jpg,Head,0.055,0.129,,,1.0,0.895,,
TRAIN,/Users/anthonyzheng/Desktop/datasets/data/010d9a7f0d2e0622.jpg,Head,0.351,0.203,,,0.494,0.519,,
TRAIN,/Users/anthonyzheng/Desktop/datasets/data/010d9a7f0d2e0622.jpg,Head,0.576,0.258,,,0.709,0.508,,
TRAIN,/Users/anthonyzheng/Desktop/datasets/data/01125dd72c09cc5a.jpg,Head,0.211,0.458,,,0.330,0.572,,
TRAIN,/Users/anthonyzheng/Desktop/datasets/data/01125dd72c09cc5a.jpg,Head,0.225,0.239,,,0.316,0.333,,
TRAIN,/Users/anthonyzheng/Desktop/datasets/data/01125dd72c09cc5a.jpg,Head,0.091,0.295,,,0.227,0.377,,
TRAIN,/Users/anthonyzheng/Desktop/datasets/data/01125dd72c09cc5a.jpg,Head,0.458,0.372,,,0.522,0.431,,
TRAIN,/Users/anthonyzheng/Desktop/datasets/data/01125dd72c09cc5a.jpg,Head,0.666,0.368,,,0.763,0.445,,
TRAIN,/Users/anthonyzheng/Desktop/datasets/data/01125dd72c09cc5a.jpg,Head,0.6,0.566,,,0.719,0.675,,
TRAIN,/Users/anthonyzheng/Desktop/datasets/data/01125dd72c09cc5a.jpg,Head,0.544,0.333,,,0.647,0.429,,
TRAIN,/Users/anthonyzheng/Desktop/datasets/data/01125dd72c09cc5a.jpg,Head,0.294,0.227,,,0.377,0.306,,
TRAIN,/Users/anthonyzheng/Desktop/datasets/data/01125dd72c09cc5a.jpg,Head,0.386,0.316,,,0.483,0.408,,
TRAIN,/Users/anthonyzheng/Desktop/datasets/data/011417767312812e.jpg,Head,0.083,0.234,,,0.267,0.429,,
TRAIN,/Users/anthonyzheng/Desktop/datasets/data/011417767312812e.jpg,Head,0.554,0.299,,,0.705,0.480,,
TRAIN,/Users/anthonyzheng/Desktop/datasets/data/0116632f904277c7.jpg,Head,0.431,0.063,,,0.549,0.215,,
TRAIN,/Users/anthonyzheng/Desktop/datasets/data/012bfb1d9f9afc48.jpg,Head,0.597,0.318,,,0.682,0.382,,
TRAIN,/Users/anthonyzheng/Desktop/datasets/data/012bfb1d9f9afc48.jpg,Head,0.111,0.783,,,0.275,0.880,,
TRAIN,/Users/anthonyzheng/Desktop/datasets/data/012bfb1d9f9afc48.jpg,Head,0.446,0.427,,,0.515,0.469,,
TRAIN,/Users/anthonyzheng/Desktop/datasets/data/012bfb1d9f9afc48.jpg,Head,0.490,0.373,,,0.541,0.402,,
TRAIN,/Users/anthonyzheng/Desktop/datasets/data/012bfb1d9f9afc48.jpg,Head,0.886,0.524,,,0.941,0.595,,
TRAIN,/Users/anthonyzheng/Desktop/datasets/data/012bfb1d9f9afc48.jpg,Head,0.273,0.783,,,0.471,0.917,,
TRAIN,/Users/anthonyzheng/Desktop/datasets/data/012bfb1d9f9afc48.jpg,Head,0.349,0.424,,,0.448,0.469,,
TRAIN,/Users/anthonyzheng/Desktop/datasets/data/012bfb1d9f9afc48.jpg,Head,0.597,0.493,,,0.707,0.546,,
TRAIN,/Users/anthonyzheng/Desktop/datasets/data/012bfb1d9f9afc48.jpg,Head,0.701,0.309,,,0.768,0.379,,
TRAIN,/Users/anthonyzheng/Desktop/datasets/data/012bfb1d9f9afc48.jpg,Head,0.431,0.371,,,0.48,0.402,,
TRAIN,/Users/anthonyzheng/Desktop/datasets/data/012bfb1d9f9afc48.jpg,Head,0.774,0.417,,,0.852,0.448,,
TRAIN,/Users/anthonyzheng/Desktop/datasets/data/012bfb1d9f9afc48.jpg,Head,0.854,0.421,,,0.936,0.459,,
TRAIN,/Users/anthonyzheng/Desktop/datasets/data/012bfb1d9f9afc48.jpg,Head,0.736,0.510,,,0.863,0.582,,
TRAIN,/Users/anthonyzheng/Desktop/datasets/data/012bfb1d9f9afc48.jpg,Head,0.898,0.351,,,0.938,0.388,,
TRAIN,/Users/anthonyzheng/Desktop/datasets/data/012bfb1d9f9afc48.jpg,Head,0.107,0.394,,,0.147,0.433,,
TRAIN,/Users/anthonyzheng/Desktop/datasets/data/012bfb1d9f9afc48.jpg,Head,0.046,0.404,,,0.079,0.439,,
TRAIN,/Users/anthonyzheng/Desktop/datasets/data/012bfb1d9f9afc48.jpg,Head,0.254,0.116,,,0.418,0.204,,
TRAIN,/Users/anthonyzheng/Desktop/datasets/data/013e4b54ccdf22aa.jpg,Head,0.746,0.0,,,1.0,0.552,,
TRAIN,/Users/anthonyzheng/Desktop/datasets/data/013e4b54ccdf22aa.jpg,Head,0.05,0.174,,,0.160,0.358,,
TRAIN,/Users/anthonyzheng/Desktop/datasets/data/013e4b54ccdf22aa.jpg,Head,0.014,0.081,,,0.095,0.222,,
TRAIN,/Users/anthonyzheng/Desktop/datasets/data/01491bf840ae9939.jpg,Head,0.483,0.170,,,0.594,0.337,,
TRAIN,/Users/anthonyzheng/Desktop/datasets/data/015f5cd905204962.jpg,Head,0.129,0.135,,,0.207,0.239,,
TRAIN,/Users/anthonyzheng/Desktop/datasets/data/01756a5b593e1de1.jpg,Head,0.344,0.0,,,0.800,0.503,,
TRAIN,/Users/anthonyzheng/Desktop/datasets/data/01877d79c356fad3.jpg,Head,0.828,0.321,,,0.888,0.382,,
TRAIN,/Users/anthonyzheng/Desktop/datasets/data/01877d79c356fad3.jpg,Head,0.781,0.157,,,0.796,0.173,,
TRAIN,/Users/anthonyzheng/Desktop/datasets/data/01877d79c356fad3.jpg,Head,0.801,0.176,,,0.817,0.194,,
TRAIN,/Users/anthonyzheng/Desktop/datasets/data/018d4a117c1d7e16.jpg,Head,0.170,0.296,,,0.319,0.407,,
TRAIN,/Users/anthonyzheng/Desktop/datasets/data/01b187eac8b7b42d.jpg,Head,0.076,0.25,,,0.248,0.476,,
TRAIN,/Users/anthonyzheng/Desktop/datasets/data/01b187eac8b7b42d.jpg,Head,0.683,0.606,,,0.921,0.858,,
TRAIN,/Users/anthonyzheng/Desktop/datasets/data/01b187eac8b7b42d.jpg,Head,0.531,0.21,,,0.648,0.377,,
TRAIN,/Users/anthonyzheng/Desktop/datasets/data/01bf00da5f94e942.jpg,Head,0.088,0.325,,,0.110,0.373,,
TRAIN,/Users/anthonyzheng/Desktop/datasets/data/01bf00da5f94e942.jpg,Head,0.802,0.276,,,0.856,0.376,,
TRAIN,/Users/anthonyzheng/Desktop/datasets/data/01bf00da5f94e942.jpg,Head,0.224,0.283,,,0.281,0.373,,
TRAIN,/Users/anthonyzheng/Desktop/datasets/data/01bf00da5f94e942.jpg,Head,0.674,0.314,,,0.699,0.369,,
TRAIN,/Users/anthonyzheng/Desktop/datasets/data/01bf00da5f94e942.jpg,Head,0.529,0.267,,,0.581,0.362,,
TRAIN,/Users/anthonyzheng/Desktop/datasets/data/01bf00da5f94e942.jpg,Head,0.351,0.318,,,0.379,0.367,,
TRAIN,/Users/anthonyzheng/Desktop/datasets/data/01bf00da5f94e942.jpg,Head,0.516,0.316,,,0.530,0.351,,
TRAIN,/Users/anthonyzheng/Desktop/datasets/data/01c04124383a9a02.jpg,Head,0.671,0.0,,,0.721,0.061,,
TRAIN,/Users/anthonyzheng/Desktop/datasets/data/01c04124383a9a02.jpg,Head,0.837,0.002,,,0.883,0.075,,
TRAIN,/Users/anthonyzheng/Desktop/datasets/data/01c9c7321fe8e116.jpg,Head,0.244,0.154,,,0.429,0.436,,
TRAIN,/Users/anthonyzheng/Desktop/datasets/data/01c9c7321fe8e116.jpg,Head,0.902,0.0,,,1.0,0.284,,
TRAIN,/Users/anthonyzheng/Desktop/datasets/data/01c9c7321fe8e116.jpg,Head,0.003,0.088,,,0.161,0.377,,
TRAIN,/Users/anthonyzheng/Desktop/datasets/data/01c9c7321fe8e116.jpg,Head,0.598,0.156,,,0.789,0.482,,
TRAIN,/Users/anthonyzheng/Desktop/datasets/data/01c9c7321fe8e116.jpg,Head,0.704,0.024,,,0.849,0.275,,
TRAIN,/Users/anthonyzheng/Desktop/datasets/data/01ce6a0b84b8ab22.jpg,Head,0.296,0.285,,,0.378,0.408,,
TRAIN,/Users/anthonyzheng/Desktop/datasets/data/01ce6a0b84b8ab22.jpg,Head,0.701,0.100,,,0.764,0.204,,
TRAIN,/Users/anthonyzheng/Desktop/datasets/data/01ce6a0b84b8ab22.jpg,Head,0.314,0.047,,,0.398,0.183,,
TRAIN,/Users/anthonyzheng/Desktop/datasets/data/01ce6a0b84b8ab22.jpg,Head,0.678,0.210,,,0.767,0.329,,
TRAIN,/Users/anthonyzheng/Desktop/datasets/data/01f26ca52e27a8d9.jpg,Head,0.582,0.25,,,0.609,0.294,,
TRAIN,/Users/anthonyzheng/Desktop/datasets/data/01f26ca52e27a8d9.jpg,Head,0.665,0.25,,,0.705,0.294,,
TRAIN,/Users/anthonyzheng/Desktop/datasets/data/01f26ca52e27a8d9.jpg,Head,0.529,0.273,,,0.580,0.363,,
TRAIN,/Users/anthonyzheng/Desktop/datasets/data/01f26ca52e27a8d9.jpg,Head,0.600,0.372,,,0.700,0.541,,
TRAIN,/Users/anthonyzheng/Desktop/datasets/data/01f26ca52e27a8d9.jpg,Head,0.790,0.339,,,0.861,0.461,,
TRAIN,/Users/anthonyzheng/Desktop/datasets/data/01f26ca52e27a8d9.jpg,Head,0.0,0.288,,,0.062,0.428,,
TRAIN,/Users/anthonyzheng/Desktop/datasets/data/01f26ca52e27a8d9.jpg,Head,0.870,0.297,,,0.919,0.366,,
TRAIN,/Users/anthonyzheng/Desktop/datasets/data/01f26ca52e27a8d9.jpg,Head,0.776,0.300,,,0.816,0.351,,
TRAIN,/Users/anthonyzheng/Desktop/datasets/data/01f26ca52e27a8d9.jpg,Head,0.401,0.226,,,0.439,0.273,,
TRAIN,/Users/anthonyzheng/Desktop/datasets/data/01f26ca52e27a8d9.jpg,Head,0.343,0.238,,,0.370,0.294,,
TRAIN,/Users/anthonyzheng/Desktop/datasets/data/01f26ca52e27a8d9.jpg,Head,0.651,0.291,,,0.703,0.372,,
TRAIN,/Users/anthonyzheng/Desktop/datasets/data/01f26ca52e27a8d9.jpg,Head,0.404,0.273,,,0.488,0.407,,
TRAIN,/Users/anthonyzheng/Desktop/datasets/data/01f26ca52e27a8d9.jpg,Head,0.274,0.300,,,0.330,0.407,,
TRAIN,/Users/anthonyzheng/Desktop/datasets/data/01f26ca52e27a8d9.jpg,Head,0.120,0.267,,,0.162,0.327,,
TRAIN,/Users/anthonyzheng/Desktop/datasets/data/01f26ca52e27a8d9.jpg,Head,0.198,0.238,,,0.254,0.318,,
TRAIN,/Users/anthonyzheng/Desktop/datasets/data/01f26ca52e27a8d9.jpg,Head,0.127,0.226,,,0.160,0.273,,
TRAIN,/Users/anthonyzheng/Desktop/datasets/data/01f5efed4dfda77e.jpg,Head,0.0,0.0,,,1.0,1.0,,
TRAIN,/Users/anthonyzheng/Desktop/datasets/data/01f8886b50a031a1.jpg,Head,0.524,0.211,,,0.594,0.308,,
TRAIN,/Users/anthonyzheng/Desktop/datasets/data/01f8886b50a031a1.jpg,Head,0.860,0.294,,,0.878,0.315,,
TRAIN,/Users/anthonyzheng/Desktop/datasets/data/01f8886b50a031a1.jpg,Head,0.741,0.241,,,0.767,0.274,,
TRAIN,/Users/anthonyzheng/Desktop/datasets/data/01fe16fca259a75a.jpg,Head,0.150,0.012,,,0.377,0.360,,
TRAIN,/Users/anthonyzheng/Desktop/datasets/data/01fe16fca259a75a.jpg,Head,0.588,0.039,,,0.768,0.335,,
TRAIN,/Users/anthonyzheng/Desktop/datasets/data/0201c52dd49833a7.jpg,Head,0.227,0.215,,,0.259,0.254,,
TRAIN,/Users/anthonyzheng/Desktop/datasets/data/020c7b8e6d605069.jpg,Head,0.339,0.234,,,0.653,0.628,,
TRAIN,/Users/anthonyzheng/Desktop/datasets/data/0210f9c01e31f873.jpg,Head,0.911,0.0,,,0.970,0.048,,
TRAIN,/Users/anthonyzheng/Desktop/datasets/data/0222c555d2c21a2f.jpg,Head,0.334,0.100,,,0.565,0.699,,
TRAIN,/Users/anthonyzheng/Desktop/datasets/data/022c1f420446d118.jpg,Head,0.398,0.089,,,0.506,0.208,,
TRAIN,/Users/anthonyzheng/Desktop/datasets/data/027cffb13d932cf2.jpg,Head,0.663,0.511,,,0.679,0.528,,
TRAIN,/Users/anthonyzheng/Desktop/datasets/data/02879d3014b69b1f.jpg,Head,0.277,0.165,,,0.668,0.487,,
TRAIN,/Users/anthonyzheng/Desktop/datasets/data/02bf32177e000315.jpg,Head,0.307,0.081,,,0.973,0.735,,
TRAIN,/Users/anthonyzheng/Desktop/datasets/data/02c704b941566bc9.jpg,Head,0.747,0.464,,,0.800,0.526,,
TRAIN,/Users/anthonyzheng/Desktop/datasets/data/02c704b941566bc9.jpg,Head,0.386,0.280,,,0.446,0.362,,
TRAIN,/Users/anthonyzheng/Desktop/datasets/data/02c704b941566bc9.jpg,Head,0.011,0.079,,,0.115,0.276,,
TRAIN,/Users/anthonyzheng/Desktop/datasets/data/02c704b941566bc9.jpg,Head,0.396,0.258,,,0.460,0.303,,
TRAIN,/Users/anthonyzheng/Desktop/datasets/data/02c704b941566bc9.jpg,Head,0.861,0.488,,,0.904,0.550,,
TRAIN,/Users/anthonyzheng/Desktop/datasets/data/02c704b941566bc9.jpg,Head,0.458,0.092,,,0.557,0.303,,
TRAIN,/Users/anthonyzheng/Desktop/datasets/data/02ceda7dc7da5160.jpg,Head,0.576,0.610,,,0.653,0.700,,
TRAIN,/Users/anthonyzheng/Desktop/datasets/data/02ceda7dc7da5160.jpg,Head,0.168,0.154,,,0.281,0.281,,
TRAIN,/Users/anthonyzheng/Desktop/datasets/data/02ceda7dc7da5160.jpg,Head,0.645,0.262,,,0.725,0.354,,
TRAIN,/Users/anthonyzheng/Desktop/datasets/data/02ceda7dc7da5160.jpg,Head,0.798,0.410,,,0.910,0.506,,
TRAIN,/Users/anthonyzheng/Desktop/datasets/data/02d1d3375f2d3dca.jpg,Head,0.424,0.331,,,0.756,0.515,,
TRAIN,/Users/anthonyzheng/Desktop/datasets/data/02dfa3e35b58bdb7.jpg,Head,0.258,0.016,,,0.607,0.582,,
TRAIN,/Users/anthonyzheng/Desktop/datasets/data/02eb8d9a3e34b370.jpg,Head,0.478,0.015,,,0.997,0.522,,
TRAIN,/Users/anthonyzheng/Desktop/datasets/data/02eb8d9a3e34b370.jpg,Head,0.0,0.0,,,0.649,0.525,,
TRAIN,/Users/anthonyzheng/Desktop/datasets/data/02faccbb84bd2bc5.jpg,Head,0.674,0.006,,,0.794,0.085,,
TRAIN,/Users/anthonyzheng/Desktop/datasets/data/02faccbb84bd2bc5.jpg,Head,0.058,0.342,,,0.183,0.407,,
TRAIN,/Users/anthonyzheng/Desktop/datasets/data/02faccbb84bd2bc5.jpg,Head,0.832,0.859,,,0.964,0.918,,
TRAIN,/Users/anthonyzheng/Desktop/datasets/data/02faccbb84bd2bc5.jpg,Head,0.790,0.132,,,0.903,0.212,,
TRAIN,/Users/anthonyzheng/Desktop/datasets/data/02faccbb84bd2bc5.jpg,Head,0.606,0.158,,,0.738,0.25,,
TRAIN,/Users/anthonyzheng/Desktop/datasets/data/02faccbb84bd2bc5.jpg,Head,0.117,0.854,,,0.252,0.918,,
TRAIN,/Users/anthonyzheng/Desktop/datasets/data/02faccbb84bd2bc5.jpg,Head,0.058,0.787,,,0.169,0.852,,
TRAIN,/Users/anthonyzheng/Desktop/datasets/data/02faccbb84bd2bc5.jpg,Head,0.0,0.802,,,0.061,0.857,,
TRAIN,/Users/anthonyzheng/Desktop/datasets/data/02faccbb84bd2bc5.jpg,Head,0.882,0.767,,,1.0,0.835,,
TRAIN,/Users/anthonyzheng/Desktop/datasets/data/02faccbb84bd2bc5.jpg,Head,0.896,0.309,,,1.0,0.390,,
TRAIN,/Users/anthonyzheng/Desktop/datasets/data/02faccbb84bd2bc5.jpg,Head,0.228,0.012,,,0.344,0.087,,
TRAIN,/Users/anthonyzheng/Desktop/datasets/data/02faccbb84bd2bc5.jpg,Head,0.389,0.110,,,0.599,0.236,,
TRAIN,/Users/anthonyzheng/Desktop/datasets/data/03006368ed61dbea.jpg,Head,0.417,0.212,,,0.777,0.477,,
TRAIN,/Users/anthonyzheng/Desktop/datasets/data/0319faa662ff5d06.jpg,Head,0.302,0.365,,,0.553,0.716,,
TRAIN,/Users/anthonyzheng/Desktop/datasets/data/0319faa662ff5d06.jpg,Head,0.594,0.172,,,0.794,0.555,,
TRAIN,/Users/anthonyzheng/Desktop/datasets/data/0321485893e5cf27.jpg,Head,0.862,0.066,,,0.986,0.484,,
TRAIN,/Users/anthonyzheng/Desktop/datasets/data/0321d3071bc03c38.jpg,Head,0.441,0.083,,,0.585,0.190,,
TRAIN,/Users/anthonyzheng/Desktop/datasets/data/0321d3071bc03c38.jpg,Head,0.558,0.281,,,0.726,0.432,,
TRAIN,/Users/anthonyzheng/Desktop/datasets/data/032518c7e3660911.jpg,Head,0.193,0.127,,,0.243,0.235,,
TRAIN,/Users/anthonyzheng/Desktop/datasets/data/032518c7e3660911.jpg,Head,0.731,0.339,,,0.767,0.397,,
TRAIN,/Users/anthonyzheng/Desktop/datasets/data/032518c7e3660911.jpg,Head,0.303,0.156,,,0.335,0.197,,
TRAIN,/Users/anthonyzheng/Desktop/datasets/data/032518c7e3660911.jpg,Head,0.092,0.172,,,0.118,0.208,,
TRAIN,/Users/anthonyzheng/Desktop/datasets/data/032518c7e3660911.jpg,Head,0.815,0.229,,,0.840,0.258,,
TRAIN,/Users/anthonyzheng/Desktop/datasets/data/032518c7e3660911.jpg,Head,0.032,0.204,,,0.043,0.254,,
TRAIN,/Users/anthonyzheng/Desktop/datasets/data/032518c7e3660911.jpg,Head,0.417,0.097,,,0.459,0.154,,
TRAIN,/Users/anthonyzheng/Desktop/datasets/data/032518c7e3660911.jpg,Head,0.301,0.185,,,0.335,0.239,,
TRAIN,/Users/anthonyzheng/Desktop/datasets/data/032518c7e3660911.jpg,Head,0.257,0.187,,,0.290,0.237,,
TRAIN,/Users/anthonyzheng/Desktop/datasets/data/032518c7e3660911.jpg,Head,0.412,0.200,,,0.454,0.258,,
TRAIN,/Users/anthonyzheng/Desktop/datasets/data/032518c7e3660911.jpg,Head,0.714,0.177,,,0.754,0.241,,
TRAIN,/Users/anthonyzheng/Desktop/datasets/data/034f71ee4e111261.jpg,Head,0.570,0.152,,,0.675,0.247,,
TRAIN,/Users/anthonyzheng/Desktop/datasets/data/034f71ee4e111261.jpg,Head,0.932,0.225,,,0.998,0.302,,
TRAIN,/Users/anthonyzheng/Desktop/datasets/data/034f71ee4e111261.jpg,Head,0.193,0.277,,,0.307,0.418,,
TRAIN,/Users/anthonyzheng/Desktop/datasets/data/034f71ee4e111261.jpg,Head,0.798,0.233,,,0.845,0.285,,
TRAIN,/Users/anthonyzheng/Desktop/datasets/data/0354aba2fc6c5903.jpg,Head,0.419,0.514,,,0.511,0.680,,
TRAIN,/Users/anthonyzheng/Desktop/datasets/data/0354aba2fc6c5903.jpg,Head,0.123,0.046,,,0.153,0.105,,
TRAIN,/Users/anthonyzheng/Desktop/datasets/data/0354aba2fc6c5903.jpg,Head,0.435,0.111,,,0.483,0.181,,
TRAIN,/Users/anthonyzheng/Desktop/datasets/data/0354aba2fc6c5903.jpg,Head,0.884,0.0,,,0.909,0.033,,
TRAIN,/Users/anthonyzheng/Desktop/datasets/data/0354aba2fc6c5903.jpg,Head,0.040,0.006,,,0.067,0.055,,
TRAIN,/Users/anthonyzheng/Desktop/datasets/data/0354aba2fc6c5903.jpg,Head,0.559,0.060,,,0.606,0.147,,
TRAIN,/Users/anthonyzheng/Desktop/datasets/data/0354aba2fc6c5903.jpg,Head,0.017,0.147,,,0.069,0.232,,
TRAIN,/Users/anthonyzheng/Desktop/datasets/data/0354aba2fc6c5903.jpg,Head,0.157,0.138,,,0.206,0.225,,
TRAIN,/Users/anthonyzheng/Desktop/datasets/data/03650b9fde97f523.jpg,Head,0.168,0.205,,,0.268,0.331,,
TRAIN,/Users/anthonyzheng/Desktop/datasets/data/03650b9fde97f523.jpg,Head,0.608,0.309,,,0.718,0.418,,
TRAIN,/Users/anthonyzheng/Desktop/datasets/data/03650b9fde97f523.jpg,Head,0.763,0.348,,,0.875,0.456,,
TRAIN,/Users/anthonyzheng/Desktop/datasets/data/039782bb88d38690.jpg,Head,0.614,0.283,,,0.753,0.45,,
TRAIN,/Users/anthonyzheng/Desktop/datasets/data/039782bb88d38690.jpg,Head,0.365,0.052,,,0.496,0.268,,
TRAIN,/Users/anthonyzheng/Desktop/datasets/data/03aa4667326aec95.jpg,Head,0.273,0.074,,,0.982,0.998,,
TRAIN,/Users/anthonyzheng/Desktop/datasets/data/03b9130b70a5adcf.jpg,Head,0.400,0.063,,,0.606,0.246,,
TRAIN,/Users/anthonyzheng/Desktop/datasets/data/03bfd3f1488b47cb.jpg,Head,0.328,0.045,,,0.641,0.208,,
TRAIN,/Users/anthonyzheng/Desktop/datasets/data/03f74f6c5682c786.jpg,Head,0.395,0.166,,,0.541,0.461,,
TRAIN,/Users/anthonyzheng/Desktop/datasets/data/03f74f6c5682c786.jpg,Head,0.525,0.159,,,0.685,0.354,,
TRAIN,/Users/anthonyzheng/Desktop/datasets/data/0411dd1941790d58.jpg,Head,0.628,0.855,,,0.674,0.879,,
TRAIN,/Users/anthonyzheng/Desktop/datasets/data/0411dd1941790d58.jpg,Head,0.210,0.837,,,0.269,0.884,,
TRAIN,/Users/anthonyzheng/Desktop/datasets/data/0411dd1941790d58.jpg,Head,0.097,0.843,,,0.179,0.895,,
TRAIN,/Users/anthonyzheng/Desktop/datasets/data/0472586d97db6daf.jpg,Head,0.373,0.117,,,0.530,0.435,,
TRAIN,/Users/anthonyzheng/Desktop/datasets/data/0472586d97db6daf.jpg,Head,0.908,0.0,,,1.0,0.075,,
TRAIN,/Users/anthonyzheng/Desktop/datasets/data/04833bdaa8c68594.jpg,Head,0.023,0.266,,,0.063,0.355,,
TRAIN,/Users/anthonyzheng/Desktop/datasets/data/04833bdaa8c68594.jpg,Head,0.560,0.278,,,0.579,0.317,,
TRAIN,/Users/anthonyzheng/Desktop/datasets/data/04833bdaa8c68594.jpg,Head,0.813,0.286,,,0.840,0.343,,
TRAIN,/Users/anthonyzheng/Desktop/datasets/data/04833bdaa8c68594.jpg,Head,0.933,0.262,,,0.971,0.314,,
TRAIN,/Users/anthonyzheng/Desktop/datasets/data/04833bdaa8c68594.jpg,Head,0.533,0.276,,,0.552,0.314,,
TRAIN,/Users/anthonyzheng/Desktop/datasets/data/04833bdaa8c68594.jpg,Head,0.981,0.235,,,1.0,0.302,,
TRAIN,/Users/anthonyzheng/Desktop/datasets/data/04833bdaa8c68594.jpg,Head,0.746,0.305,,,0.779,0.353,,
TRAIN,/Users/anthonyzheng/Desktop/datasets/data/04833bdaa8c68594.jpg,Head,0.577,0.237,,,0.593,0.276,,
TRAIN,/Users/anthonyzheng/Desktop/datasets/data/04833bdaa8c68594.jpg,Head,0.509,0.278,,,0.529,0.326,,
TRAIN,/Users/anthonyzheng/Desktop/datasets/data/04833bdaa8c68594.jpg,Head,0.716,0.269,,,0.739,0.329,,
TRAIN,/Users/anthonyzheng/Desktop/datasets/data/04833bdaa8c68594.jpg,Head,0.161,0.235,,,0.214,0.365,,
TRAIN,/Users/anthonyzheng/Desktop/datasets/data/04833bdaa8c68594.jpg,Head,0.673,0.269,,,0.718,0.362,,
TRAIN,/Users/anthonyzheng/Desktop/datasets/data/0490dbf686cc0da2.jpg,Head,0.540,0.135,,,0.648,0.302,,
TRAIN,/Users/anthonyzheng/Desktop/datasets/data/049feb8853b23023.jpg,Head,0.544,0.298,,,0.591,0.387,,
TRAIN,/Users/anthonyzheng/Desktop/datasets/data/049feb8853b23023.jpg,Head,0.146,0.816,,,0.292,0.997,,
TRAIN,/Users/anthonyzheng/Desktop/datasets/data/049feb8853b23023.jpg,Head,0.218,0.867,,,0.436,0.997,,
TRAIN,/Users/anthonyzheng/Desktop/datasets/data/049feb8853b23023.jpg,Head,0.526,0.626,,,0.595,0.719,,
TRAIN,/Users/anthonyzheng/Desktop/datasets/data/049feb8853b23023.jpg,Head,0.910,0.188,,,0.936,0.269,,
TRAIN,/Users/anthonyzheng/Desktop/datasets/data/049feb8853b23023.jpg,Head,0.435,0.323,,,0.473,0.415,,
TRAIN,/Users/anthonyzheng/Desktop/datasets/data/049feb8853b23023.jpg,Head,0.148,0.285,,,0.199,0.369,,
TRAIN,/Users/anthonyzheng/Desktop/datasets/data/049feb8853b23023.jpg,Head,0.918,0.130,,,0.985,0.25,,
TRAIN,/Users/anthonyzheng/Desktop/datasets/data/049feb8853b23023.jpg,Head,0.104,0.314,,,0.151,0.402,,
TRAIN,/Users/anthonyzheng/Desktop/datasets/data/049feb8853b23023.jpg,Head,0.806,0.225,,,0.855,0.325,,
TRAIN,/Users/anthonyzheng/Desktop/datasets/data/049feb8853b23023.jpg,Head,0.669,0.305,,,0.721,0.393,,
TRAIN,/Users/anthonyzheng/Desktop/datasets/data/049feb8853b23023.jpg,Head,0.303,0.331,,,0.349,0.418,,
TRAIN,/Users/anthonyzheng/Desktop/datasets/data/049feb8853b23023.jpg,Head,0.910,0.245,,,0.935,0.307,,
TRAIN,/Users/anthonyzheng/Desktop/datasets/data/04e3bee2eeaf280e.jpg,Head,0.485,0.775,,,0.540,0.875,,
TRAIN,/Users/anthonyzheng/Desktop/datasets/data/04e3bee2eeaf280e.jpg,Head,0.679,0.783,,,0.701,0.812,,
TRAIN,/Users/anthonyzheng/Desktop/datasets/data/04e3bee2eeaf280e.jpg,Head,0.376,0.681,,,0.525,0.735,,
TRAIN,/Users/anthonyzheng/Desktop/datasets/data/04e3bee2eeaf280e.jpg,Head,0.381,0.766,,,0.417,0.814,,
TRAIN,/Users/anthonyzheng/Desktop/datasets/data/0515eb8d42f77988.jpg,Head,0.303,0.088,,,0.684,0.622,,
TRAIN,/Users/anthonyzheng/Desktop/datasets/data/051d28d0388a3ec1.jpg,Head,0.463,0.383,,,0.584,0.538,,
TRAIN,/Users/anthonyzheng/Desktop/datasets/data/052c7d42720a093a.jpg,Head,0.594,0.179,,,0.733,0.479,,
TRAIN,/Users/anthonyzheng/Desktop/datasets/data/05430da00e88b5f9.jpg,Head,0.310,0.397,,,0.396,0.477,,
TRAIN,/Users/anthonyzheng/Desktop/datasets/data/05430da00e88b5f9.jpg,Head,0.532,0.297,,,0.701,0.416,,
TRAIN,/Users/anthonyzheng/Desktop/datasets/data/0543f1b76e391db9.jpg,Head,0.269,0.339,,,0.340,0.461,,
TRAIN,/Users/anthonyzheng/Desktop/datasets/data/0556195c4067a984.jpg,Head,0.299,0.380,,,0.348,0.447,,
TRAIN,/Users/anthonyzheng/Desktop/datasets/data/0572b61a4613221d.jpg,Head,0.349,0.324,,,0.439,0.398,,
TRAIN,/Users/anthonyzheng/Desktop/datasets/data/0572b61a4613221d.jpg,Head,0.058,0.331,,,0.168,0.414,,
TRAIN,/Users/anthonyzheng/Desktop/datasets/data/0572b61a4613221d.jpg,Head,0.755,0.321,,,0.831,0.395,,
TRAIN,/Users/anthonyzheng/Desktop/datasets/data/0572b61a4613221d.jpg,Head,0.565,0.049,,,0.737,0.191,,
TRAIN,/Users/anthonyzheng/Desktop/datasets/data/058fb6cfa9a0874c.jpg,Head,0.415,0.323,,,0.547,0.395,,
TRAIN,/Users/anthonyzheng/Desktop/datasets/data/058fb6cfa9a0874c.jpg,Head,0.216,0.308,,,0.282,0.339,,
TRAIN,/Users/anthonyzheng/Desktop/datasets/data/058fb6cfa9a0874c.jpg,Head,0.0,0.440,,,0.019,0.480,,
TRAIN,/Users/anthonyzheng/Desktop/datasets/data/058fb6cfa9a0874c.jpg,Head,0.781,0.366,,,0.841,0.410,,
TRAIN,/Users/anthonyzheng/Desktop/datasets/data/058fb6cfa9a0874c.jpg,Head,0.949,0.369,,,1.0,0.412,,
TRAIN,/Users/anthonyzheng/Desktop/datasets/data/05a1e3bdf907e2a0.jpg,Head,0.523,0.254,,,0.902,0.734,,
TRAIN,/Users/anthonyzheng/Desktop/datasets/data/05a23e78a029f9b3.jpg,Head,0.518,0.047,,,0.767,0.210,,
TRAIN,/Users/anthonyzheng/Desktop/datasets/data/05a7e9025432b822.jpg,Head,0.517,0.017,,,0.997,0.432,,
TRAIN,/Users/anthonyzheng/Desktop/datasets/data/05ae3737394ad03a.jpg,Head,0.273,0.0,,,0.813,0.956,,
TRAIN,/Users/anthonyzheng/Desktop/datasets/data/05c6fc62d2980f50.jpg,Head,0.130,0.312,,,0.931,0.883,,
TRAIN,/Users/anthonyzheng/Desktop/datasets/data/05c8be4675d87037.jpg,Head,0.646,0.285,,,0.743,0.344,,
TRAIN,/Users/anthonyzheng/Desktop/datasets/data/05e3e00773c6c141.jpg,Head,0.958,0.942,,,1.0,1.0,,
TRAIN,/Users/anthonyzheng/Desktop/datasets/data/05e3e00773c6c141.jpg,Head,0.0,0.0,,,1.0,0.471,,
TRAIN,/Users/anthonyzheng/Desktop/datasets/data/05e3e00773c6c141.jpg,Head,0.359,0.830,,,0.429,0.947,,
TRAIN,/Users/anthonyzheng/Desktop/datasets/data/05e3e00773c6c141.jpg,Head,0.817,0.902,,,0.884,0.959,,
TRAIN,/Users/anthonyzheng/Desktop/datasets/data/06145d1b37e96fed.jpg,Head,0.600,0.0,,,0.707,0.090,,
TRAIN,/Users/anthonyzheng/Desktop/datasets/data/06145d1b37e96fed.jpg,Head,0.0,0.0,,,0.169,0.146,,
TRAIN,/Users/anthonyzheng/Desktop/datasets/data/06145d1b37e96fed.jpg,Head,0.182,0.159,,,0.880,0.997,,
TRAIN,/Users/anthonyzheng/Desktop/datasets/data/064dd37a874f7ea7.jpg,Head,0.062,0.008,,,0.115,0.087,,
TRAIN,/Users/anthonyzheng/Desktop/datasets/data/064dd37a874f7ea7.jpg,Head,0.446,0.206,,,0.942,0.814,,
TRAIN,/Users/anthonyzheng/Desktop/datasets/data/064dd37a874f7ea7.jpg,Head,0.125,0.033,,,0.554,0.610,,
TRAIN,/Users/anthonyzheng/Desktop/datasets/data/064dd37a874f7ea7.jpg,Head,0.118,0.025,,,0.182,0.114,,
TRAIN,/Users/anthonyzheng/Desktop/datasets/data/064dd37a874f7ea7.jpg,Head,0.0,0.039,,,0.070,0.164,,
TRAIN,/Users/anthonyzheng/Desktop/datasets/data/0651726e8927e5b5.jpg,Head,0.008,0.117,,,0.760,0.851,,
TRAIN,/Users/anthonyzheng/Desktop/datasets/data/0662ac36ad698574.jpg,Head,0.193,0.070,,,0.228,0.157,,
TRAIN,/Users/anthonyzheng/Desktop/datasets/data/0662ac36ad698574.jpg,Head,0.504,0.316,,,0.561,0.415,,
TRAIN,/Users/anthonyzheng/Desktop/datasets/data/0662ac36ad698574.jpg,Head,0.371,0.641,,,0.486,0.829,,
TRAIN,/Users/anthonyzheng/Desktop/datasets/data/0662ac36ad698574.jpg,Head,0.109,0.245,,,0.219,0.424,,
TRAIN,/Users/anthonyzheng/Desktop/datasets/data/0662ac36ad698574.jpg,Head,0.084,0.296,,,0.107,0.393,,
TRAIN,/Users/anthonyzheng/Desktop/datasets/data/0662ac36ad698574.jpg,Head,0.584,0.358,,,0.660,0.473,,
TRAIN,/Users/anthonyzheng/Desktop/datasets/data/0662ac36ad698574.jpg,Head,0.140,0.090,,,0.187,0.196,,
TRAIN,/Users/anthonyzheng/Desktop/datasets/data/0662ac36ad698574.jpg,Head,0.346,0.134,,,0.386,0.223,,
TRAIN,/Users/anthonyzheng/Desktop/datasets/data/0662ac36ad698574.jpg,Head,0.646,0.469,,,0.710,0.595,,
TRAIN,/Users/anthonyzheng/Desktop/datasets/data/0662ac36ad698574.jpg,Head,0.056,0.134,,,0.100,0.254,,
TRAIN,/Users/anthonyzheng/Desktop/datasets/data/0662ac36ad698574.jpg,Head,0.488,0.245,,,0.541,0.345,,
TRAIN,/Users/anthonyzheng/Desktop/datasets/data/0662ac36ad698574.jpg,Head,0.004,0.165,,,0.070,0.300,,
TRAIN,/Users/anthonyzheng/Desktop/datasets/data/0662ac36ad698574.jpg,Head,0.438,0.176,,,0.486,0.272,,
TRAIN,/Users/anthonyzheng/Desktop/datasets/data/0662ac36ad698574.jpg,Head,0.794,0.672,,,0.851,0.809,,
TRAIN,/Users/anthonyzheng/Desktop/datasets/data/066571234281ca95.jpg,Head,0.487,0.226,,,0.588,0.354,,
TRAIN,/Users/anthonyzheng/Desktop/datasets/data/066571234281ca95.jpg,Head,0.793,0.237,,,0.951,0.410,,
TRAIN,/Users/anthonyzheng/Desktop/datasets/data/066571234281ca95.jpg,Head,0.109,0.190,,,0.262,0.360,,
TRAIN,/Users/anthonyzheng/Desktop/datasets/data/0668a9010bf30630.jpg,Head,0.464,0.588,,,0.507,0.665,,
TRAIN,/Users/anthonyzheng/Desktop/datasets/data/0668a9010bf30630.jpg,Head,0.309,0.634,,,0.365,0.712,,
TRAIN,/Users/anthonyzheng/Desktop/datasets/data/0668a9010bf30630.jpg,Head,0.615,0.630,,,0.666,0.707,,
TRAIN,/Users/anthonyzheng/Desktop/datasets/data/0671f11d8258d167.jpg,Head,0.098,0.148,,,0.175,0.278,,
TRAIN,/Users/anthonyzheng/Desktop/datasets/data/0671f11d8258d167.jpg,Head,0.630,0.080,,,0.703,0.233,,
TRAIN,/Users/anthonyzheng/Desktop/datasets/data/0671f11d8258d167.jpg,Head,0.299,0.196,,,0.363,0.324,,
TRAIN,/Users/anthonyzheng/Desktop/datasets/data/06aaa4cd2f0f554d.jpg,Head,0.343,0.039,,,0.712,0.433,,
TRAIN,/Users/anthonyzheng/Desktop/datasets/data/06b6a2d257aaa097.jpg,Head,0.620,0.345,,,0.876,0.795,,
TRAIN,/Users/anthonyzheng/Desktop/datasets/data/06bc9b828cedce1c.jpg,Head,0.545,0.055,,,0.873,0.535,,
TRAIN,/Users/anthonyzheng/Desktop/datasets/data/06d1d39cbea07874.jpg,Head,0.475,0.243,,,0.524,0.339,,
TRAIN,/Users/anthonyzheng/Desktop/datasets/data/06d1d39cbea07874.jpg,Head,0.150,0.007,,,0.243,0.177,,
TRAIN,/Users/anthonyzheng/Desktop/datasets/data/06d1d39cbea07874.jpg,Head,0.704,0.113,,,0.782,0.265,,
TRAIN,/Users/anthonyzheng/Desktop/datasets/data/06d70ecda37db5e3.jpg,Head,0.008,0.382,,,0.032,0.429,,
TRAIN,/Users/anthonyzheng/Desktop/datasets/data/06d8b17bbd94dc09.jpg,Head,0.168,0.019,,,0.908,0.523,,
TRAIN,/Users/anthonyzheng/Desktop/datasets/data/06e21b6cfab07c72.jpg,Head,0.494,0.006,,,0.719,0.322,,
TRAIN,/Users/anthonyzheng/Desktop/datasets/data/06e83fd457ccb4c0.jpg,Head,0.348,0.020,,,0.646,0.251,,
TRAIN,/Users/anthonyzheng/Desktop/datasets/data/0704499ce810af77.jpg,Head,0.129,0.0,,,0.856,0.935,,
TRAIN,/Users/anthonyzheng/Desktop/datasets/data/0709eb8e8c2d19fa.jpg,Head,0.685,0.004,,,0.770,0.093,,
TRAIN,/Users/anthonyzheng/Desktop/datasets/data/0709eb8e8c2d19fa.jpg,Head,0.243,0.025,,,0.349,0.137,,
TRAIN,/Users/anthonyzheng/Desktop/datasets/data/07251bb443093202.jpg,Head,0.319,0.088,,,0.508,0.407,,
TRAIN,/Users/anthonyzheng/Desktop/datasets/data/0737fd0c1d110dd7.jpg,Head,0.505,0.127,,,0.903,0.410,,
TRAIN,/Users/anthonyzheng/Desktop/datasets/data/073ba30ec7431f41.jpg,Head,0.400,0.050,,,0.712,0.325,,
TRAIN,/Users/anthonyzheng/Desktop/datasets/data/076d078dd863cb79.jpg,Head,0.223,0.245,,,0.405,0.641,,
TRAIN,/Users/anthonyzheng/Desktop/datasets/data/076d078dd863cb79.jpg,Head,0.691,0.266,,,0.766,0.412,,
TRAIN,/Users/anthonyzheng/Desktop/datasets/data/076d078dd863cb79.jpg,Head,0.067,0.362,,,0.115,0.458,,
TRAIN,/Users/anthonyzheng/Desktop/datasets/data/076d078dd863cb79.jpg,Head,0.129,0.356,,,0.154,0.383,,
TRAIN,/Users/anthonyzheng/Desktop/datasets/data/076d078dd863cb79.jpg,Head,0.896,0.247,,,0.942,0.306,,
TRAIN,/Users/anthonyzheng/Desktop/datasets/data/076d078dd863cb79.jpg,Head,0.032,0.312,,,0.073,0.372,,
TRAIN,/Users/anthonyzheng/Desktop/datasets/data/076d078dd863cb79.jpg,Head,0.572,0.310,,,0.647,0.408,,
TRAIN,/Users/anthonyzheng/Desktop/datasets/data/077657b2086fa4b3.jpg,Head,0.412,0.181,,,0.587,0.394,,
TRAIN,/Users/anthonyzheng/Desktop/datasets/data/077aa6cbdccdf5cb.jpg,Head,0.336,0.248,,,0.539,0.618,,
TRAIN,/Users/anthonyzheng/Desktop/datasets/data/077aa6cbdccdf5cb.jpg,Head,0.733,0.028,,,0.998,0.396,,
TRAIN,/Users/anthonyzheng/Desktop/datasets/data/077aa6cbdccdf5cb.jpg,Head,0.127,0.392,,,0.316,0.680,,
TRAIN,/Users/anthonyzheng/Desktop/datasets/data/078487a2cbd4e706.jpg,Head,0.202,0.205,,,0.759,0.481,,
TRAIN,/Users/anthonyzheng/Desktop/datasets/data/0787ba239b4ca568.jpg,Head,0.725,0.382,,,0.762,0.446,,
TRAIN,/Users/anthonyzheng/Desktop/datasets/data/078fd57f81047cf3.jpg,Head,0.575,0.139,,,0.715,0.376,,
TRAIN,/Users/anthonyzheng/Desktop/datasets/data/078fd57f81047cf3.jpg,Head,0.879,0.106,,,0.980,0.298,,
TRAIN,/Users/anthonyzheng/Desktop/datasets/data/078fd57f81047cf3.jpg,Head,0.008,0.061,,,0.126,0.309,,
TRAIN,/Users/anthonyzheng/Desktop/datasets/data/078fd57f81047cf3.jpg,Head,0.311,0.006,,,0.501,0.353,,
TRAIN,/Users/anthonyzheng/Desktop/datasets/data/079d97fafdc95e27.jpg,Head,0.112,0.0,,,1.0,0.910,,
TRAIN,/Users/anthonyzheng/Desktop/datasets/data/07afd11f77320e1d.jpg,Head,0.197,0.385,,,0.251,0.439,,
TRAIN,/Users/anthonyzheng/Desktop/datasets/data/07afd11f77320e1d.jpg,Head,0.555,0.221,,,0.639,0.381,,
TRAIN,/Users/anthonyzheng/Desktop/datasets/data/07afd11f77320e1d.jpg,Head,0.777,0.166,,,0.830,0.239,,
TRAIN,/Users/anthonyzheng/Desktop/datasets/data/07b12cccb39c75a5.jpg,Head,0.141,0.181,,,0.375,0.421,,
TRAIN,/Users/anthonyzheng/Desktop/datasets/data/07b12cccb39c75a5.jpg,Head,0.458,0.243,,,0.575,0.367,,
TRAIN,/Users/anthonyzheng/Desktop/datasets/data/07c216b2baad22e7.jpg,Head,0.688,0.514,,,0.707,0.544,,
TRAIN,/Users/anthonyzheng/Desktop/datasets/data/07c216b2baad22e7.jpg,Head,0.553,0.022,,,0.681,0.134,,
TRAIN,/Users/anthonyzheng/Desktop/datasets/data/07c216b2baad22e7.jpg,Head,0.834,0.128,,,0.942,0.224,,
TRAIN,/Users/anthonyzheng/Desktop/datasets/data/07c216b2baad22e7.jpg,Head,0.004,0.488,,,0.422,0.606,,
TRAIN,/Users/anthonyzheng/Desktop/datasets/data/07ced255ea911d85.jpg,Head,0.070,0.0,,,0.231,0.165,,
TRAIN,/Users/anthonyzheng/Desktop/datasets/data/07ced255ea911d85.jpg,Head,0.687,0.101,,,0.858,0.296,,
TRAIN,/Users/anthonyzheng/Desktop/datasets/data/07cfc82bdbd06eb2.jpg,Head,0.848,0.188,,,0.916,0.323,,
TRAIN,/Users/anthonyzheng/Desktop/datasets/data/07cfc82bdbd06eb2.jpg,Head,0.241,0.013,,,0.413,0.308,,
TRAIN,/Users/anthonyzheng/Desktop/datasets/data/07cfc82bdbd06eb2.jpg,Head,0.441,0.166,,,0.544,0.396,,
TRAIN,/Users/anthonyzheng/Desktop/datasets/data/07cfc82bdbd06eb2.jpg,Head,0.719,0.297,,,0.788,0.439,,
TRAIN,/Users/anthonyzheng/Desktop/datasets/data/07cfc82bdbd06eb2.jpg,Head,0.632,0.254,,,0.730,0.423,,
TRAIN,/Users/anthonyzheng/Desktop/datasets/data/07d551f1745be790.jpg,Head,0.254,0.245,,,0.312,0.319,,
TRAIN,/Users/anthonyzheng/Desktop/datasets/data/07d551f1745be790.jpg,Head,0.396,0.361,,,0.458,0.437,,
TRAIN,/Users/anthonyzheng/Desktop/datasets/data/07d551f1745be790.jpg,Head,0.654,0.666,,,0.727,0.754,,
TRAIN,/Users/anthonyzheng/Desktop/datasets/data/07d551f1745be790.jpg,Head,0.065,0.380,,,0.133,0.460,,
TRAIN,/Users/anthonyzheng/Desktop/datasets/data/07d551f1745be790.jpg,Head,0.507,0.229,,,0.554,0.294,,
TRAIN,/Users/anthonyzheng/Desktop/datasets/data/07d551f1745be790.jpg,Head,0.377,0.226,,,0.429,0.308,,
TRAIN,/Users/anthonyzheng/Desktop/datasets/data/07d551f1745be790.jpg,Head,0.550,0.357,,,0.600,0.411,,
TRAIN,/Users/anthonyzheng/Desktop/datasets/data/07d551f1745be790.jpg,Head,0.792,0.298,,,0.850,0.374,,
TRAIN,/Users/anthonyzheng/Desktop/datasets/data/07d551f1745be790.jpg,Head,0.716,0.198,,,0.778,0.271,,
TRAIN,/Users/anthonyzheng/Desktop/datasets/data/07d551f1745be790.jpg,Head,0.242,0.378,,,0.305,0.464,,
TRAIN,/Users/anthonyzheng/Desktop/datasets/data/07d551f1745be790.jpg,Head,0.609,0.198,,,0.662,0.267,,
TRAIN,/Users/anthonyzheng/Desktop/datasets/data/07d551f1745be790.jpg,Head,0.192,0.163,,,0.245,0.235,,
TRAIN,/Users/anthonyzheng/Desktop/datasets/data/07d551f1745be790.jpg,Head,0.358,0.633,,,0.428,0.715,,
TRAIN,/Users/anthonyzheng/Desktop/datasets/data/07d551f1745be790.jpg,Head,0.509,0.591,,,0.578,0.678,,
TRAIN,/Users/anthonyzheng/Desktop/datasets/data/07d551f1745be790.jpg,Head,0.224,0.658,,,0.286,0.752,,
TRAIN,/Users/anthonyzheng/Desktop/datasets/data/07d551f1745be790.jpg,Head,0.863,0.640,,,0.950,0.742,,
TRAIN,/Users/anthonyzheng/Desktop/datasets/data/07d551f1745be790.jpg,Head,0.074,0.188,,,0.136,0.255,,
TRAIN,/Users/anthonyzheng/Desktop/datasets/data/07d551f1745be790.jpg,Head,0.683,0.366,,,0.742,0.435,,
TRAIN,/Users/anthonyzheng/Desktop/datasets/data/08124dbd424269c0.jpg,Head,0.681,0.189,,,0.777,0.3,,
TRAIN,/Users/anthonyzheng/Desktop/datasets/data/08124dbd424269c0.jpg,Head,0.485,0.254,,,0.629,0.354,,
TRAIN,/Users/anthonyzheng/Desktop/datasets/data/08124dbd424269c0.jpg,Head,0.412,0.143,,,0.5,0.239,,
TRAIN,/Users/anthonyzheng/Desktop/datasets/data/081b5acdf94c392a.jpg,Head,0.293,0.318,,,0.733,0.798,,
TRAIN,/Users/anthonyzheng/Desktop/datasets/data/08372798f2cf334b.jpg,Head,0.608,0.420,,,0.696,0.503,,
TRAIN,/Users/anthonyzheng/Desktop/datasets/data/08372798f2cf334b.jpg,Head,0.678,0.510,,,0.759,0.570,,
TRAIN,/Users/anthonyzheng/Desktop/datasets/data/08372798f2cf334b.jpg,Head,0.425,0.164,,,0.606,0.380,,
TRAIN,/Users/anthonyzheng/Desktop/datasets/data/084a9d12a2a486dc.jpg,Head,0.554,0.0,,,0.734,0.053,,
TRAIN,/Users/anthonyzheng/Desktop/datasets/data/0859787e55aeed35.jpg,Head,0.623,0.205,,,0.662,0.25,,
TRAIN,/Users/anthonyzheng/Desktop/datasets/data/0859787e55aeed35.jpg,Head,0.502,0.139,,,0.532,0.194,,
TRAIN,/Users/anthonyzheng/Desktop/datasets/data/0859787e55aeed35.jpg,Head,0.339,0.205,,,0.374,0.25,,
TRAIN,/Users/anthonyzheng/Desktop/datasets/data/085aae141a2f056d.jpg,Head,0.395,0.220,,,0.523,0.316,,
TRAIN,/Users/anthonyzheng/Desktop/datasets/data/08615fa70771c83a.jpg,Head,0.445,0.171,,,0.604,0.3,,
TRAIN,/Users/anthonyzheng/Desktop/datasets/data/087d9274f12a6a47.jpg,Head,0.045,0.312,,,0.262,0.434,,
TRAIN,/Users/anthonyzheng/Desktop/datasets/data/087d9274f12a6a47.jpg,Head,0.660,0.098,,,0.872,0.25,,
TRAIN,/Users/anthonyzheng/Desktop/datasets/data/087d9274f12a6a47.jpg,Head,0.245,0.345,,,0.400,0.467,,
TRAIN,/Users/anthonyzheng/Desktop/datasets/data/08bc48ffae1a678a.jpg,Head,0.398,0.050,,,0.624,0.293,,
TRAIN,/Users/anthonyzheng/Desktop/datasets/data/08bc48ffae1a678a.jpg,Head,0.589,0.112,,,0.782,0.331,,
TRAIN,/Users/anthonyzheng/Desktop/datasets/data/08bc48ffae1a678a.jpg,Head,0.172,0.008,,,0.404,0.271,,
TRAIN,/Users/anthonyzheng/Desktop/datasets/data/08da3f5956243154.jpg,Head,0.0,0.0,,,1.0,1.0,,
TRAIN,/Users/anthonyzheng/Desktop/datasets/data/08ed1ccb53722194.jpg,Head,0.549,0.289,,,0.845,0.537,,
TRAIN,/Users/anthonyzheng/Desktop/datasets/data/08f80f26c1d57ba1.jpg,Head,0.145,0.056,,,0.832,0.672,,
TRAIN,/Users/anthonyzheng/Desktop/datasets/data/08fb8ed642a73f48.jpg,Head,0.0,0.0,,,1.0,1.0,,
TRAIN,/Users/anthonyzheng/Desktop/datasets/data/092a6148eaac712e.jpg,Head,0.331,0.257,,,0.456,0.443,,
TRAIN,/Users/anthonyzheng/Desktop/datasets/data/092a6148eaac712e.jpg,Head,0.678,0.334,,,0.848,0.674,,
TRAIN,/Users/anthonyzheng/Desktop/datasets/data/092a6148eaac712e.jpg,Head,0.597,0.226,,,0.649,0.348,,
TRAIN,/Users/anthonyzheng/Desktop/datasets/data/092f6bd6d306fdf6.jpg,Head,0.324,0.097,,,0.424,0.289,,
TRAIN,/Users/anthonyzheng/Desktop/datasets/data/092f6bd6d306fdf6.jpg,Head,0.691,0.039,,,0.820,0.283,,
TRAIN,/Users/anthonyzheng/Desktop/datasets/data/0932995ad7c9a0d3.jpg,Head,0.245,0.242,,,0.865,0.511,,
TRAIN,/Users/anthonyzheng/Desktop/datasets/data/0937f20ab730f4bd.jpg,Head,0.0,0.0,,,0.457,0.617,,
TRAIN,/Users/anthonyzheng/Desktop/datasets/data/094100bf6485212a.jpg,Head,0.295,0.0,,,0.717,0.432,,
TRAIN,/Users/anthonyzheng/Desktop/datasets/data/09562c36471bf39f.jpg,Head,0.261,0.012,,,0.572,0.438,,
TRAIN,/Users/anthonyzheng/Desktop/datasets/data/095a70ede01f795e.jpg,Head,0.578,0.258,,,0.635,0.371,,
TRAIN,/Users/anthonyzheng/Desktop/datasets/data/095a70ede01f795e.jpg,Head,0.370,0.265,,,0.429,0.407,,
TRAIN,/Users/anthonyzheng/Desktop/datasets/data/095a70ede01f795e.jpg,Head,0.404,0.652,,,0.463,0.721,,
TRAIN,/Users/anthonyzheng/Desktop/datasets/data/095e241dd6f54e85.jpg,Head,0.454,0.151,,,0.618,0.282,,
TRAIN,/Users/anthonyzheng/Desktop/datasets/data/095eaec2849bc6c8.jpg,Head,0.403,0.233,,,0.428,0.271,,
TRAIN,/Users/anthonyzheng/Desktop/datasets/data/095eaec2849bc6c8.jpg,Head,0.141,0.406,,,0.158,0.434,,
TRAIN,/Users/anthonyzheng/Desktop/datasets/data/095eaec2849bc6c8.jpg,Head,0.940,0.644,,,0.970,0.697,,
TRAIN,/Users/anthonyzheng/Desktop/datasets/data/095eaec2849bc6c8.jpg,Head,0.723,0.704,,,0.751,0.748,,
TRAIN,/Users/anthonyzheng/Desktop/datasets/data/095eaec2849bc6c8.jpg,Head,0.583,0.236,,,0.611,0.275,,
TRAIN,/Users/anthonyzheng/Desktop/datasets/data/095eaec2849bc6c8.jpg,Head,0.844,0.437,,,0.859,0.465,,
TRAIN,/Users/anthonyzheng/Desktop/datasets/data/095eaec2849bc6c8.jpg,Head,0.406,0.386,,,0.607,0.640,,
TRAIN,/Users/anthonyzheng/Desktop/datasets/data/09625dc24eb205b4.jpg,Head,0.134,0.152,,,0.153,0.185,,
TRAIN,/Users/anthonyzheng/Desktop/datasets/data/09625dc24eb205b4.jpg,Head,0.817,0.515,,,0.845,0.568,,
TRAIN,/Users/anthonyzheng/Desktop/datasets/data/09625dc24eb205b4.jpg,Head,0.131,0.382,,,0.159,0.446,,
TRAIN,/Users/anthonyzheng/Desktop/datasets/data/09625dc24eb205b4.jpg,Head,0.075,0.159,,,0.094,0.194,,
TRAIN,/Users/anthonyzheng/Desktop/datasets/data/09625dc24eb205b4.jpg,Head,0.004,0.378,,,0.026,0.418,,
TRAIN,/Users/anthonyzheng/Desktop/datasets/data/09625dc24eb205b4.jpg,Head,0.868,0.513,,,0.904,0.570,,
TRAIN,/Users/anthonyzheng/Desktop/datasets/data/09625dc24eb205b4.jpg,Head,0.936,0.504,,,0.970,0.550,,
TRAIN,/Users/anthonyzheng/Desktop/datasets/data/09625dc24eb205b4.jpg,Head,0.386,0.378,,,0.423,0.438,,
TRAIN,/Users/anthonyzheng/Desktop/datasets/data/09625dc24eb205b4.jpg,Head,0.203,0.347,,,0.221,0.382,,
TRAIN,/Users/anthonyzheng/Desktop/datasets/data/09625dc24eb205b4.jpg,Head,0.030,0.146,,,0.053,0.179,,
TRAIN,/Users/anthonyzheng/Desktop/datasets/data/09625dc24eb205b4.jpg,Head,0.252,0.334,,,0.275,0.371,,
TRAIN,/Users/anthonyzheng/Desktop/datasets/data/09625dc24eb205b4.jpg,Head,0.264,0.110,,,0.283,0.141,,
TRAIN,/Users/anthonyzheng/Desktop/datasets/data/09625dc24eb205b4.jpg,Head,0.572,0.300,,,0.696,0.537,,
TRAIN,/Users/anthonyzheng/Desktop/datasets/data/09625dc24eb205b4.jpg,Head,0.107,0.495,,,0.146,0.555,,
TRAIN,/Users/anthonyzheng/Desktop/datasets/data/09625dc24eb205b4.jpg,Head,0.855,0.542,,,0.876,0.577,,
TRAIN,/Users/anthonyzheng/Desktop/datasets/data/09625dc24eb205b4.jpg,Head,0.244,0.475,,,0.293,0.557,,
TRAIN,/Users/anthonyzheng/Desktop/datasets/data/09625dc24eb205b4.jpg,Head,0.429,0.502,,,0.451,0.561,,
TRAIN,/Users/anthonyzheng/Desktop/datasets/data/0981622cc4d4ac2b.jpg,Head,0.359,0.0,,,0.728,0.559,,
TRAIN,/Users/anthonyzheng/Desktop/datasets/data/0990020c989262f8.jpg,Head,0.168,0.305,,,0.670,0.672,,
TRAIN,/Users/anthonyzheng/Desktop/datasets/data/09a31536cef18a72.jpg,Head,0.230,0.021,,,0.668,0.463,,
TRAIN,/Users/anthonyzheng/Desktop/datasets/data/09c0e499d462dabc.jpg,Head,0.370,0.179,,,0.636,0.337,,
TRAIN,/Users/anthonyzheng/Desktop/datasets/data/09c5b4d6bc25788d.jpg,Head,0.432,0.312,,,0.530,0.552,,
TRAIN,/Users/anthonyzheng/Desktop/datasets/data/09c6ddd2c210450e.jpg,Head,0.483,0.063,,,0.605,0.181,,
TRAIN,/Users/anthonyzheng/Desktop/datasets/data/09c863d76bcf6b00.jpg,Head,0.006,0.0,,,0.854,0.675,,
TRAIN,/Users/anthonyzheng/Desktop/datasets/data/09d354dbd3dcc857.jpg,Head,0.642,0.403,,,0.682,0.465,,
TRAIN,/Users/anthonyzheng/Desktop/datasets/data/09d64f43c7111879.jpg,Head,0.0,0.052,,,0.917,0.935,,
TRAIN,/Users/anthonyzheng/Desktop/datasets/data/09d7e1defc5c7e9c.jpg,Head,0.517,0.183,,,0.607,0.325,,
TRAIN,/Users/anthonyzheng/Desktop/datasets/data/09d7e1defc5c7e9c.jpg,Head,0.392,0.148,,,0.442,0.258,,
TRAIN,/Users/anthonyzheng/Desktop/datasets/data/09d7e1defc5c7e9c.jpg,Head,0.238,0.119,,,0.290,0.238,,
TRAIN,/Users/anthonyzheng/Desktop/datasets/data/09d7e1defc5c7e9c.jpg,Head,0.116,0.170,,,0.184,0.269,,
TRAIN,/Users/anthonyzheng/Desktop/datasets/data/09d8aa2d19ff724d.jpg,Head,0.313,0.245,,,0.431,0.410,,
TRAIN,/Users/anthonyzheng/Desktop/datasets/data/09e617d9d3120b32.jpg,Head,0.376,0.166,,,0.525,0.285,,
TRAIN,/Users/anthonyzheng/Desktop/datasets/data/09ea349ee555b61d.jpg,Head,0.698,0.638,,,0.716,0.685,,
TRAIN,/Users/anthonyzheng/Desktop/datasets/data/09ea349ee555b61d.jpg,Head,0.320,0.323,,,0.475,0.651,,
TRAIN,/Users/anthonyzheng/Desktop/datasets/data/09ea349ee555b61d.jpg,Head,0.642,0.370,,,0.760,0.583,,
TRAIN,/Users/anthonyzheng/Desktop/datasets/data/09ee689a9abeb390.jpg,Head,0.905,0.166,,,0.989,0.317,,
TRAIN,/Users/anthonyzheng/Desktop/datasets/data/09ee689a9abeb390.jpg,Head,0.607,0.110,,,0.695,0.254,,
TRAIN,/Users/anthonyzheng/Desktop/datasets/data/09ee689a9abeb390.jpg,Head,0.107,0.133,,,0.194,0.270,,
TRAIN,/Users/anthonyzheng/Desktop/datasets/data/09ee689a9abeb390.jpg,Head,0.342,0.144,,,0.429,0.272,,
TRAIN,/Users/anthonyzheng/Desktop/datasets/data/0a02c648d24f39fb.jpg,Head,0.367,0.047,,,0.655,0.262,,
TRAIN,/Users/anthonyzheng/Desktop/datasets/data/0a02e8b6820064f5.jpg,Head,0.472,0.367,,,0.485,0.391,,
TRAIN,/Users/anthonyzheng/Desktop/datasets/data/0a13dcaaab9a35e0.jpg,Head,0.350,0.094,,,0.541,0.709,,
TRAIN,/Users/anthonyzheng/Desktop/datasets/data/0a1bd356f90aaab6.jpg,Head,0.729,0.0,,,1.0,0.182,,
TRAIN,/Users/anthonyzheng/Desktop/datasets/data/0a50911d08250183.jpg,Head,0.664,0.240,,,0.981,0.492,,
TRAIN,/Users/anthonyzheng/Desktop/datasets/data/0a7074a2a5515531.jpg,Head,0.493,0.241,,,0.579,0.352,,
TRAIN,/Users/anthonyzheng/Desktop/datasets/data/0a7d56b2fb989fe8.jpg,Head,0.471,0.254,,,0.509,0.322,,
TRAIN,/Users/anthonyzheng/Desktop/datasets/data/0a8657e8b5c9d7bb.jpg,Head,0.368,0.139,,,0.516,0.351,,
TRAIN,/Users/anthonyzheng/Desktop/datasets/data/0a877314ca2039d9.jpg,Head,0.542,0.0,,,0.856,0.604,,
TRAIN,/Users/anthonyzheng/Desktop/datasets/data/0a9f183e46c76019.jpg,Head,0.303,0.050,,,0.806,0.741,,
TRAIN,/Users/anthonyzheng/Desktop/datasets/data/0acfa779589204bf.jpg,Head,0.299,0.050,,,0.855,0.835,,
TRAIN,/Users/anthonyzheng/Desktop/datasets/data/0ad7884032419621.jpg,Head,0.337,0.375,,,0.456,0.514,,
TRAIN,/Users/anthonyzheng/Desktop/datasets/data/0adc1330287b2e66.jpg,Head,0.242,0.235,,,0.317,0.314,,
TRAIN,/Users/anthonyzheng/Desktop/datasets/data/0adc1330287b2e66.jpg,Head,0.772,0.503,,,0.851,0.541,,
TRAIN,/Users/anthonyzheng/Desktop/datasets/data/0afb0f6738d5767a.jpg,Head,0.199,0.039,,,0.997,0.865,,
TRAIN,/Users/anthonyzheng/Desktop/datasets/data/0b05d537aac2b09a.jpg,Head,0.481,0.108,,,0.736,0.665,,
TRAIN,/Users/anthonyzheng/Desktop/datasets/data/0b05d537aac2b09a.jpg,Head,0.153,0.155,,,0.356,0.547,,
TRAIN,/Users/anthonyzheng/Desktop/datasets/data/0b15101280946cdd.jpg,Head,0.629,0.150,,,0.756,0.451,,
TRAIN,/Users/anthonyzheng/Desktop/datasets/data/0b15101280946cdd.jpg,Head,0.246,0.132,,,0.418,0.442,,
TRAIN,/Users/anthonyzheng/Desktop/datasets/data/0b2ffc32a694d9c2.jpg,Head,0.204,0.0,,,0.833,0.962,,
TRAIN,/Users/anthonyzheng/Desktop/datasets/data/0b340a54d113070c.jpg,Head,0.442,0.215,,,0.766,0.691,,
TRAIN,/Users/anthonyzheng/Desktop/datasets/data/0b340a54d113070c.jpg,Head,0.186,0.687,,,0.436,0.966,,
TRAIN,/Users/anthonyzheng/Desktop/datasets/data/0b3b8bb30662c22a.jpg,Head,0.341,0.268,,,0.655,0.391,,
TRAIN,/Users/anthonyzheng/Desktop/datasets/data/0b5cde64f4b0b523.jpg,Head,0.059,0.756,,,0.145,0.839,,
TRAIN,/Users/anthonyzheng/Desktop/datasets/data/0b5cde64f4b0b523.jpg,Head,0.735,0.070,,,0.909,0.271,,
TRAIN,/Users/anthonyzheng/Desktop/datasets/data/0b5cde64f4b0b523.jpg,Head,0.259,0.754,,,0.340,0.841,,
TRAIN,/Users/anthonyzheng/Desktop/datasets/data/0b5cde64f4b0b523.jpg,Head,0.433,0.747,,,0.509,0.839,,
TRAIN,/Users/anthonyzheng/Desktop/datasets/data/0b5cde64f4b0b523.jpg,Head,0.814,0.726,,,0.952,0.839,,
TRAIN,/Users/anthonyzheng/Desktop/datasets/data/0b623718afd21f23.jpg,Head,0.609,0.111,,,0.817,0.306,,
TRAIN,/Users/anthonyzheng/Desktop/datasets/data/0b623718afd21f23.jpg,Head,0.375,0.011,,,0.525,0.186,,
TRAIN,/Users/anthonyzheng/Desktop/datasets/data/0b623718afd21f23.jpg,Head,0.958,0.108,,,0.997,0.168,,
TRAIN,/Users/anthonyzheng/Desktop/datasets/data/0b7e19effcd30556.jpg,Head,0.231,0.0,,,0.528,0.377,,
TRAIN,/Users/anthonyzheng/Desktop/datasets/data/0b7e19effcd30556.jpg,Head,0.0,0.241,,,0.073,0.477,,
TRAIN,/Users/anthonyzheng/Desktop/datasets/data/0b806ca5e7065889.jpg,Head,0.401,0.030,,,0.638,0.422,,
TRAIN,/Users/anthonyzheng/Desktop/datasets/data/0b83e754be780735.jpg,Head,0.691,0.181,,,0.704,0.201,,
TRAIN,/Users/anthonyzheng/Desktop/datasets/data/0b83e754be780735.jpg,Head,0.126,0.172,,,0.136,0.192,,
TRAIN,/Users/anthonyzheng/Desktop/datasets/data/0b83e754be780735.jpg,Head,0.754,0.199,,,0.763,0.217,,
TRAIN,/Users/anthonyzheng/Desktop/datasets/data/0b83e754be780735.jpg,Head,0.339,0.186,,,0.352,0.212,,
TRAIN,/Users/anthonyzheng/Desktop/datasets/data/0b83e754be780735.jpg,Head,0.533,0.188,,,0.561,0.230,,
TRAIN,/Users/anthonyzheng/Desktop/datasets/data/0b83e754be780735.jpg,Head,0.576,0.334,,,0.629,0.407,,
TRAIN,/Users/anthonyzheng/Desktop/datasets/data/0b83e754be780735.jpg,Head,0.664,0.427,,,0.719,0.514,,
TRAIN,/Users/anthonyzheng/Desktop/datasets/data/0b83e754be780735.jpg,Head,0.641,0.343,,,0.667,0.441,,
TRAIN,/Users/anthonyzheng/Desktop/datasets/data/0b83e754be780735.jpg,Head,0.408,0.370,,,0.452,0.443,,
TRAIN,/Users/anthonyzheng/Desktop/datasets/data/0b83e754be780735.jpg,Head,0.688,0.226,,,0.707,0.263,,
TRAIN,/Users/anthonyzheng/Desktop/datasets/data/0b83e754be780735.jpg,Head,0.010,0.128,,,0.066,0.206,,
TRAIN,/Users/anthonyzheng/Desktop/datasets/data/0b83e754be780735.jpg,Head,0.598,0.243,,,0.613,0.272,,
TRAIN,/Users/anthonyzheng/Desktop/datasets/data/0b83e754be780735.jpg,Head,0.772,0.226,,,0.792,0.268,,
TRAIN,/Users/anthonyzheng/Desktop/datasets/data/0b83e754be780735.jpg,Head,0.230,0.396,,,0.279,0.483,,
TRAIN,/Users/anthonyzheng/Desktop/datasets/data/0b83e754be780735.jpg,Head,0.9,0.031,,,0.910,0.070,,
TRAIN,/Users/anthonyzheng/Desktop/datasets/data/0b83e754be780735.jpg,Head,0.897,0.266,,,0.916,0.305,,
TRAIN,/Users/anthonyzheng/Desktop/datasets/data/0b876e80ebc98978.jpg,Head,0.440,0.631,,,0.634,0.885,,
TRAIN,/Users/anthonyzheng/Desktop/datasets/data/0b876e80ebc98978.jpg,Head,0.759,0.185,,,0.801,0.237,,
TRAIN,/Users/anthonyzheng/Desktop/datasets/data/0b876e80ebc98978.jpg,Head,0.432,0.220,,,0.465,0.268,,
TRAIN,/Users/anthonyzheng/Desktop/datasets/data/0b876e80ebc98978.jpg,Head,0.417,0.066,,,0.451,0.112,,
TRAIN,/Users/anthonyzheng/Desktop/datasets/data/0b876e80ebc98978.jpg,Head,0.064,0.116,,,0.082,0.147,,
TRAIN,/Users/anthonyzheng/Desktop/datasets/data/0b876e80ebc98978.jpg,Head,0.078,0.204,,,0.114,0.262,,
TRAIN,/Users/anthonyzheng/Desktop/datasets/data/0b8a1adce0191b72.jpg,Head,0.292,0.113,,,0.670,0.426,,
TRAIN,/Users/anthonyzheng/Desktop/datasets/data/0b9aec984321bf53.jpg,Head,0.556,0.207,,,0.724,0.442,,
VALIDATION,/Users/anthonyzheng/Desktop/datasets/data/0b9b8845f1b27c1a.jpg,Head,0.569,0.139,,,0.995,0.478,,
VALIDATION,/Users/anthonyzheng/Desktop/datasets/data/0b9b8845f1b27c1a.jpg,Head,0.158,0.115,,,0.388,0.481,,
VALIDATION,/Users/anthonyzheng/Desktop/datasets/data/0b9b8845f1b27c1a.jpg,Head,0.386,0.064,,,0.631,0.388,,
VALIDATION,/Users/anthonyzheng/Desktop/datasets/data/0ba4e129511b237b.jpg,Head,0.918,0.323,,,0.971,0.382,,
VALIDATION,/Users/anthonyzheng/Desktop/datasets/data/0ba4e129511b237b.jpg,Head,0.184,0.225,,,0.247,0.305,,
VALIDATION,/Users/anthonyzheng/Desktop/datasets/data/0ba4e129511b237b.jpg,Head,0.035,0.272,,,0.095,0.347,,
VALIDATION,/Users/anthonyzheng/Desktop/datasets/data/0ba6825374419824.jpg,Head,0.238,0.143,,,0.743,0.526,,
VALIDATION,/Users/anthonyzheng/Desktop/datasets/data/0baf36bade976215.jpg,Head,0.066,0.122,,,0.260,0.332,,
VALIDATION,/Users/anthonyzheng/Desktop/datasets/data/0baf36bade976215.jpg,Head,0.560,0.320,,,0.768,0.472,,
VALIDATION,/Users/anthonyzheng/Desktop/datasets/data/0bb341c20b9978cf.jpg,Head,0.482,0.339,,,0.495,0.362,,
VALIDATION,/Users/anthonyzheng/Desktop/datasets/data/0bb8c226cb97b705.jpg,Head,0.225,0.039,,,0.722,0.790,,
VALIDATION,/Users/anthonyzheng/Desktop/datasets/data/0be36b41431ccac3.jpg,Head,0.0,0.0,,,1.0,1.0,,
VALIDATION,/Users/anthonyzheng/Desktop/datasets/data/0be6fd5c4b8b2f0c.jpg,Head,0.225,0.380,,,0.765,0.777,,
VALIDATION,/Users/anthonyzheng/Desktop/datasets/data/0c10e0ce3d8f5f81.jpg,Head,0.174,0.050,,,0.825,0.706,,
VALIDATION,/Users/anthonyzheng/Desktop/datasets/data/0c158d8e674ff652.jpg,Head,0.0,0.0,,,0.926,1.0,,
VALIDATION,/Users/anthonyzheng/Desktop/datasets/data/0c53587224b51f99.jpg,Head,0.280,0.157,,,0.418,0.404,,
VALIDATION,/Users/anthonyzheng/Desktop/datasets/data/0c618d515bbfeaa3.jpg,Head,0.357,0.231,,,0.519,0.528,,
VALIDATION,/Users/anthonyzheng/Desktop/datasets/data/0c6b86b4119e11e7.jpg,Head,0.85,0.458,,,0.968,0.637,,
VALIDATION,/Users/anthonyzheng/Desktop/datasets/data/0c6b86b4119e11e7.jpg,Head,0.589,0.137,,,0.643,0.247,,
VALIDATION,/Users/anthonyzheng/Desktop/datasets/data/0c6b86b4119e11e7.jpg,Head,0.471,0.368,,,0.584,0.545,,
VALIDATION,/Users/anthonyzheng/Desktop/datasets/data/0c6b86b4119e11e7.jpg,Head,0.9,0.256,,,1.0,0.433,,
VALIDATION,/Users/anthonyzheng/Desktop/datasets/data/0c6b86b4119e11e7.jpg,Head,0.037,0.137,,,0.089,0.197,,
VALIDATION,/Users/anthonyzheng/Desktop/datasets/data/0c6b86b4119e11e7.jpg,Head,0.425,0.129,,,0.489,0.247,,
VALIDATION,/Users/anthonyzheng/Desktop/datasets/data/0c6b86b4119e11e7.jpg,Head,0.184,0.114,,,0.228,0.210,,
VALIDATION,/Users/anthonyzheng/Desktop/datasets/data/0c6b86b4119e11e7.jpg,Head,0.704,0.85,,,0.837,0.997,,
VALIDATION,/Users/anthonyzheng/Desktop/datasets/data/0c6b86b4119e11e7.jpg,Head,0.7,0.210,,,0.776,0.347,,
VALIDATION,/Users/anthonyzheng/Desktop/datasets/data/0c6b86b4119e11e7.jpg,Head,0.789,0.233,,,0.826,0.316,,
VALIDATION,/Users/anthonyzheng/Desktop/datasets/data/0c6b86b4119e11e7.jpg,Head,0.857,0.643,,,0.998,0.835,,
VALIDATION,/Users/anthonyzheng/Desktop/datasets/data/0c6b86b4119e11e7.jpg,Head,0.251,0.654,,,0.348,0.812,,
VALIDATION,/Users/anthonyzheng/Desktop/datasets/data/0c6b86b4119e11e7.jpg,Head,0.571,0.110,,,0.609,0.168,,
VALIDATION,/Users/anthonyzheng/Desktop/datasets/data/0c6b86b4119e11e7.jpg,Head,0.021,0.097,,,0.046,0.125,,
VALIDATION,/Users/anthonyzheng/Desktop/datasets/data/0c6b86b4119e11e7.jpg,Head,0.306,0.152,,,0.335,0.220,,
VALIDATION,/Users/anthonyzheng/Desktop/datasets/data/0c6b86b4119e11e7.jpg,Head,0.851,0.152,,,0.896,0.225,,
VALIDATION,/Users/anthonyzheng/Desktop/datasets/data/0c6b86b4119e11e7.jpg,Head,0.114,0.083,,,0.193,0.189,,
VALIDATION,/Users/anthonyzheng/Desktop/datasets/data/0c6b86b4119e11e7.jpg,Head,0.659,0.160,,,0.687,0.206,,
VALIDATION,/Users/anthonyzheng/Desktop/datasets/data/0c73e9f99274d223.jpg,Head,0.0,0.162,,,0.087,0.358,,
VALIDATION,/Users/anthonyzheng/Desktop/datasets/data/0c8c8bbc773be925.jpg,Head,0.0,0.0,,,1.0,1.0,,
VALIDATION,/Users/anthonyzheng/Desktop/datasets/data/0ca56558107bdae5.jpg,Head,0.212,0.25,,,0.632,0.866,,
VALIDATION,/Users/anthonyzheng/Desktop/datasets/data/0cba349f6f7bdf44.jpg,Head,0.533,0.444,,,0.591,0.557,,
VALIDATION,/Users/anthonyzheng/Desktop/datasets/data/0cbd2a58b72ced99.jpg,Head,0.628,0.422,,,0.743,0.606,,
VALIDATION,/Users/anthonyzheng/Desktop/datasets/data/0cbd2a58b72ced99.jpg,Head,0.484,0.313,,,0.589,0.476,,
VALIDATION,/Users/anthonyzheng/Desktop/datasets/data/0cbd2a58b72ced99.jpg,Head,0.214,0.191,,,0.329,0.367,,
VALIDATION,/Users/anthonyzheng/Desktop/datasets/data/0cc10060985b5867.jpg,Head,0.207,0.135,,,0.303,0.272,,
VALIDATION,/Users/anthonyzheng/Desktop/datasets/data/0ccdb16a34d67aaa.jpg,Head,0.233,0.004,,,0.873,0.902,,
VALIDATION,/Users/anthonyzheng/Desktop/datasets/data/0ccdcc825086803a.jpg,Head,0.867,0.179,,,0.898,0.205,,
VALIDATION,/Users/anthonyzheng/Desktop/datasets/data/0ccdcc825086803a.jpg,Head,0.090,0.146,,,0.152,0.185,,
VALIDATION,/Users/anthonyzheng/Desktop/datasets/data/0ccdcc825086803a.jpg,Head,0.380,0.098,,,0.464,0.179,,
VALIDATION,/Users/anthonyzheng/Desktop/datasets/data/0ccdcc825086803a.jpg,Head,0.559,0.030,,,0.681,0.123,,
VALIDATION,/Users/anthonyzheng/Desktop/datasets/data/0ccdcc825086803a.jpg,Head,0.787,0.160,,,0.814,0.194,,
VALIDATION,/Users/anthonyzheng/Desktop/datasets/data/0ccdcc825086803a.jpg,Head,0.398,0.188,,,0.544,0.278,,
VALIDATION,/Users/anthonyzheng/Desktop/datasets/data/0ccdcc825086803a.jpg,Head,0.236,0.137,,,0.305,0.188,,
VALIDATION,/Users/anthonyzheng/Desktop/datasets/data/0cd5dca84d0cbd1d.jpg,Head,0.736,0.414,,,0.854,0.660,,
VALIDATION,/Users/anthonyzheng/Desktop/datasets/data/0cdeaf8125c57fce.jpg,Head,0.348,0.297,,,0.495,0.688,,
VALIDATION,/Users/anthonyzheng/Desktop/datasets/data/0cfbddbfcf8412a6.jpg,Head,0.608,0.119,,,0.627,0.158,,
VALIDATION,/Users/anthonyzheng/Desktop/datasets/data/0cfbddbfcf8412a6.jpg,Head,0.481,0.079,,,0.530,0.154,,
VALIDATION,/Users/anthonyzheng/Desktop/datasets/data/0cfbddbfcf8412a6.jpg,Head,0.905,0.196,,,0.932,0.258,,
VALIDATION,/Users/anthonyzheng/Desktop/datasets/data/0cfbddbfcf8412a6.jpg,Head,0.775,0.238,,,0.791,0.298,,
VALIDATION,/Users/anthonyzheng/Desktop/datasets/data/0cfbddbfcf8412a6.jpg,Head,0.350,0.121,,,0.382,0.198,,
VALIDATION,/Users/anthonyzheng/Desktop/datasets/data/0cfbddbfcf8412a6.jpg,Head,0.298,0.116,,,0.336,0.181,,
VALIDATION,/Users/anthonyzheng/Desktop/datasets/data/0cfbddbfcf8412a6.jpg,Head,0.534,0.105,,,0.561,0.163,,
VALIDATION,/Users/anthonyzheng/Desktop/datasets/data/0d03c760fe72ad6e.jpg,Head,0.124,0.198,,,0.255,0.345,,
VALIDATION,/Users/anthonyzheng/Desktop/datasets/data/0d03c760fe72ad6e.jpg,Head,0.741,0.623,,,0.826,0.733,,
TEST,/Users/anthonyzheng/Desktop/datasets/data/0d0e5d41f87736e6.jpg,Head,0.353,0.472,,,0.826,0.858,,
TEST,/Users/anthonyzheng/Desktop/datasets/data/0d16c88ec322340f.jpg,Head,0.134,0.097,,,0.349,0.422,,
TEST,/Users/anthonyzheng/Desktop/datasets/data/0d16c88ec322340f.jpg,Head,0.514,0.090,,,0.663,0.371,,
TEST,/Users/anthonyzheng/Desktop/datasets/data/0d1b6422378e399c.jpg,Head,0.534,0.256,,,0.977,0.863,,
TEST,/Users/anthonyzheng/Desktop/datasets/data/0d21f579a27f72a9.jpg,Head,0.576,0.370,,,0.627,0.456,,
TEST,/Users/anthonyzheng/Desktop/datasets/data/0d21f579a27f72a9.jpg,Head,0.732,0.156,,,0.790,0.245,,
TEST,/Users/anthonyzheng/Desktop/datasets/data/0d21f579a27f72a9.jpg,Head,0.471,0.236,,,0.515,0.275,,
TEST,/Users/anthonyzheng/Desktop/datasets/data/0d295ed98f470163.jpg,Head,0.438,0.0,,,0.780,0.269,,
TEST,/Users/anthonyzheng/Desktop/datasets/data/0d32e8e7a4bd08dc.jpg,Head,0.386,0.646,,,0.433,0.709,,
TEST,/Users/anthonyzheng/Desktop/datasets/data/0d32e8e7a4bd08dc.jpg,Head,0.884,0.200,,,0.947,0.303,,
TEST,/Users/anthonyzheng/Desktop/datasets/data/0d32e8e7a4bd08dc.jpg,Head,0.341,0.635,,,0.353,0.651,,
TEST,/Users/anthonyzheng/Desktop/datasets/data/0d32e8e7a4bd08dc.jpg,Head,0.323,0.059,,,0.427,0.216,,
TEST,/Users/anthonyzheng/Desktop/datasets/data/0d32e8e7a4bd08dc.jpg,Head,0.810,0.568,,,0.875,0.684,,
TEST,/Users/anthonyzheng/Desktop/datasets/data/0d32e8e7a4bd08dc.jpg,Head,0.341,0.435,,,0.382,0.485,,
TEST,/Users/anthonyzheng/Desktop/datasets/data/0d32e8e7a4bd08dc.jpg,Head,0.629,0.471,,,0.693,0.555,,
TEST,/Users/anthonyzheng/Desktop/datasets/data/0d32e8e7a4bd08dc.jpg,Head,0.658,0.088,,,0.700,0.146,,
TEST,/Users/anthonyzheng/Desktop/datasets/data/0d884d7a0b68b59c.jpg,Head,0.488,0.072,,,0.856,0.337,,
TEST,/Users/anthonyzheng/Desktop/datasets/data/0d884d7a0b68b59c.jpg,Head,0.123,0.630,,,0.415,0.873,,
TEST,/Users/anthonyzheng/Desktop/datasets/data/0d884d7a0b68b59c.jpg,Head,0.0,0.602,,,0.022,0.780,,
TEST,/Users/anthonyzheng/Desktop/datasets/data/0da0a5ef8f9d2864.jpg,Head,0.209,0.368,,,0.375,0.558,,
TEST,/Users/anthonyzheng/Desktop/datasets/data/0dadb05222306ab8.jpg,Head,0.392,0.053,,,0.599,0.360,,
TEST,/Users/anthonyzheng/Desktop/datasets/data/0dbfd1ce7549fb11.jpg,Head,0.214,0.376,,,0.323,0.662,,
TEST,/Users/anthonyzheng/Desktop/datasets/data/0dbfd1ce7549fb11.jpg,Head,0.591,0.223,,,0.733,0.538,,
TEST,/Users/anthonyzheng/Desktop/datasets/data/0dda17bcb0902e25.jpg,Head,0.490,0.243,,,0.539,0.3,,
TEST,/Users/anthonyzheng/Desktop/datasets/data/0dece6c46a20c36a.jpg,Head,0.093,0.0,,,0.774,0.969,,
TEST,/Users/anthonyzheng/Desktop/datasets/data/0dfa8c149d4d6f39.jpg,Head,0.175,0.0,,,0.966,0.931,,
TEST,/Users/anthonyzheng/Desktop/datasets/data/0e0a23e811ca026b.jpg,Head,0.696,0.022,,,0.893,0.179,,
TEST,/Users/anthonyzheng/Desktop/datasets/data/0e0a23e811ca026b.jpg,Head,0.0,0.143,,,0.146,0.542,,
TEST,/Users/anthonyzheng/Desktop/datasets/data/0e0a23e811ca026b.jpg,Head,0.181,0.210,,,0.893,0.628,,
TEST,/Users/anthonyzheng/Desktop/datasets/data/0e0a23e811ca026b.jpg,Head,0.553,0.150,,,0.741,0.284,,
TEST,/Users/anthonyzheng/Desktop/datasets/data/0e0a23e811ca026b.jpg,Head,0.517,0.191,,,0.668,0.299,,
TEST,/Users/anthonyzheng/Desktop/datasets/data/0e277b2a7b18c02a.jpg,Head,0.631,0.362,,,0.721,0.516,,
TEST,/Users/anthonyzheng/Desktop/datasets/data/0e2badd005886a46.jpg,Head,0.206,0.191,,,0.343,0.416,,
TEST,/Users/anthonyzheng/Desktop/datasets/data/0e2badd005886a46.jpg,Head,0.706,0.245,,,0.903,0.558,,
TEST,/Users/anthonyzheng/Desktop/datasets/data/0e37d35b372fcfc1.jpg,Head,0.27,0.0,,,0.824,0.723,,
TEST,/Users/anthonyzheng/Desktop/datasets/data/0e4332e5c234255c.jpg,Head,0.231,0.492,,,0.288,0.594,,
TEST,/Users/anthonyzheng/Desktop/datasets/data/0e4332e5c234255c.jpg,Head,0.835,0.580,,,0.952,0.776,,
TEST,/Users/anthonyzheng/Desktop/datasets/data/0e4332e5c234255c.jpg,Head,0.783,0.700,,,0.939,0.962,,
TEST,/Users/anthonyzheng/Desktop/datasets/data/0e4332e5c234255c.jpg,Head,0.276,0.598,,,0.385,0.791,,
TEST,/Users/anthonyzheng/Desktop/datasets/data/0e4332e5c234255c.jpg,Head,0.403,0.811,,,0.612,1.0,,
TEST,/Users/anthonyzheng/Desktop/datasets/data/0e4332e5c234255c.jpg,Head,0.640,0.474,,,0.696,0.587,,
TEST,/Users/anthonyzheng/Desktop/datasets/data/0e4332e5c234255c.jpg,Head,0.407,0.498,,,0.478,0.623,,
TEST,/Users/anthonyzheng/Desktop/datasets/data/0e4332e5c234255c.jpg,Head,0.559,0.268,,,0.600,0.348,,
TEST,/Users/anthonyzheng/Desktop/datasets/data/0e4332e5c234255c.jpg,Head,0.0,0.649,,,0.075,0.815,,
TEST,/Users/anthonyzheng/Desktop/datasets/data/0e4332e5c234255c.jpg,Head,0.590,0.472,,,0.652,0.580,,
TEST,/Users/anthonyzheng/Desktop/datasets/data/0e4332e5c234255c.jpg,Head,0.646,0.545,,,0.721,0.680,,
TEST,/Users/anthonyzheng/Desktop/datasets/data/0e4332e5c234255c.jpg,Head,0.929,0.492,,,1.0,0.616,,
TEST,/Users/anthonyzheng/Desktop/datasets/data/0e4332e5c234255c.jpg,Head,0.005,0.609,,,0.100,0.787,,
TEST,/Users/anthonyzheng/Desktop/datasets/data/0e4332e5c234255c.jpg,Head,0.446,0.587,,,0.602,0.824,,
TEST,/Users/anthonyzheng/Desktop/datasets/data/0e4332e5c234255c.jpg,Head,0.951,0.465,,,1.0,0.498,,
TEST,/Users/anthonyzheng/Desktop/datasets/data/0e62c706b2cd998e.jpg,Head,0.194,0.152,,,0.258,0.291,,
TEST,/Users/anthonyzheng/Desktop/datasets/data/0e6e608af9477a08.jpg,Head,0.408,0.190,,,0.638,0.660,,
TEST,/Users/anthonyzheng/Desktop/datasets/data/0e879a7e1178f821.jpg,Head,0.518,0.081,,,0.639,0.236,,
TEST,/Users/anthonyzheng/Desktop/datasets/data/0e879a7e1178f821.jpg,Head,0.285,0.223,,,0.488,0.566,,
TEST,/Users/anthonyzheng/Desktop/datasets/data/0e879a7e1178f821.jpg,Head,0.627,0.117,,,0.759,0.362,,
TEST,/Users/anthonyzheng/Desktop/datasets/data/0e879a7e1178f821.jpg,Head,0.506,0.188,,,0.677,0.491,,
TEST,/Users/anthonyzheng/Desktop/datasets/data/0e8aef71cc6618dc.jpg,Head,0.431,0.131,,,0.590,0.255,,
TEST,/Users/anthonyzheng/Desktop/datasets/data/0ea326c0601e86d9.jpg,Head,0.209,0.092,,,0.644,0.880,,
TEST,/Users/anthonyzheng/Desktop/datasets/data/0ee147db8a6b3908.jpg,Head,0.342,0.078,,,0.707,0.405,,
TEST,/Users/anthonyzheng/Desktop/datasets/data/0f0297c3c92c39c1.jpg,Head,0.333,0.318,,,0.407,0.411,,
TEST,/Users/anthonyzheng/Desktop/datasets/data/0f0297c3c92c39c1.jpg,Head,0.175,0.146,,,0.317,0.382,,
TEST,/Users/anthonyzheng/Desktop/datasets/data/0f0297c3c92c39c1.jpg,Head,0.650,0.327,,,0.716,0.438,,
TEST,/Users/anthonyzheng/Desktop/datasets/data/0f0297c3c92c39c1.jpg,Head,0.831,0.130,,,0.963,0.415,,
